"","cv3.A","cv3.B","cv3.C","cv3.D"
"1",1,0,0,0
"2",1,0,0,0
"3",1,0,0,0
"4",1,0,0,0
"5",1,0,0,0
"6",1,0,0,0
"7",1,0,0,0
"8",1,0,0,0
"9",1,0,0,0
"10",1,0,0,0
"11",1,0,0,0
"12",1,0,0,0
"13",1,0,0,0
"14",1,0,0,0
"15",1,0,0,0
"16",1,0,0,0
"17",1,0,0,0
"18",1,0,0,0
"19",1,0,0,0
"20",1,0,0,0
"21",1,0,0,0
"22",1,0,0,0
"23",1,0,0,0
"24",1,0,0,0
"25",1,0,0,0
"26",1,0,0,0
"27",1,0,0,0
"28",1,0,0,0
"29",1,0,0,0
"30",1,0,0,0
"31",1,0,0,0
"32",1,0,0,0
"33",1,0,0,0
"34",1,0,0,0
"35",1,0,0,0
"36",1,0,0,0
"37",1,0,0,0
"38",1,0,0,0
"39",1,0,0,0
"40",1,0,0,0
"41",1,0,0,0
"42",1,0,0,0
"43",1,0,0,0
"44",1,0,0,0
"45",1,0,0,0
"46",1,0,0,0
"47",1,0,0,0
"48",1,0,0,0
"49",1,0,0,0
"50",1,0,0,0
"51",1,0,0,0
"52",1,0,0,0
"53",1,0,0,0
"54",1,0,0,0
"55",1,0,0,0
"56",1,0,0,0
"57",1,0,0,0
"58",1,0,0,0
"59",1,0,0,0
"60",1,0,0,0
"61",1,0,0,0
"62",1,0,0,0
"63",1,0,0,0
"64",1,0,0,0
"65",1,0,0,0
"66",1,0,0,0
"67",1,0,0,0
"68",1,0,0,0
"69",1,0,0,0
"70",1,0,0,0
"71",1,0,0,0
"72",1,0,0,0
"73",1,0,0,0
"74",1,0,0,0
"75",1,0,0,0
"76",1,0,0,0
"77",1,0,0,0
"78",1,0,0,0
"79",1,0,0,0
"80",1,0,0,0
"81",1,0,0,0
"82",1,0,0,0
"83",1,0,0,0
"84",1,0,0,0
"85",1,0,0,0
"86",1,0,0,0
"87",1,0,0,0
"88",1,0,0,0
"89",1,0,0,0
"90",1,0,0,0
"91",1,0,0,0
"92",1,0,0,0
"93",1,0,0,0
"94",1,0,0,0
"95",1,0,0,0
"96",1,0,0,0
"97",1,0,0,0
"98",1,0,0,0
"99",1,0,0,0
"100",1,0,0,0
"101",1,0,0,0
"102",1,0,0,0
"103",1,0,0,0
"104",1,0,0,0
"105",1,0,0,0
"106",1,0,0,0
"107",1,0,0,0
"108",1,0,0,0
"109",1,0,0,0
"110",1,0,0,0
"111",1,0,0,0
"112",1,0,0,0
"113",1,0,0,0
"114",1,0,0,0
"115",1,0,0,0
"116",1,0,0,0
"117",1,0,0,0
"118",1,0,0,0
"119",1,0,0,0
"120",1,0,0,0
"121",1,0,0,0
"122",1,0,0,0
"123",1,0,0,0
"124",1,0,0,0
"125",1,0,0,0
"126",1,0,0,0
"127",1,0,0,0
"128",1,0,0,0
"129",1,0,0,0
"130",1,0,0,0
"131",1,0,0,0
"132",1,0,0,0
"133",1,0,0,0
"134",1,0,0,0
"135",1,0,0,0
"136",1,0,0,0
"137",1,0,0,0
"138",1,0,0,0
"139",1,0,0,0
"140",1,0,0,0
"141",1,0,0,0
"142",1,0,0,0
"143",1,0,0,0
"144",1,0,0,0
"145",1,0,0,0
"146",1,0,0,0
"147",1,0,0,0
"148",1,0,0,0
"149",1,0,0,0
"150",1,0,0,0
"151",1,0,0,0
"152",1,0,0,0
"153",1,0,0,0
"154",1,0,0,0
"155",1,0,0,0
"156",1,0,0,0
"157",1,0,0,0
"158",1,0,0,0
"159",1,0,0,0
"160",1,0,0,0
"161",1,0,0,0
"162",1,0,0,0
"163",1,0,0,0
"164",1,0,0,0
"165",1,0,0,0
"166",1,0,0,0
"167",1,0,0,0
"168",1,0,0,0
"169",1,0,0,0
"170",1,0,0,0
"171",1,0,0,0
"172",1,0,0,0
"173",1,0,0,0
"174",1,0,0,0
"175",1,0,0,0
"176",1,0,0,0
"177",1,0,0,0
"178",1,0,0,0
"179",1,0,0,0
"180",1,0,0,0
"181",1,0,0,0
"182",1,0,0,0
"183",1,0,0,0
"184",1,0,0,0
"185",1,0,0,0
"186",1,0,0,0
"187",1,0,0,0
"188",1,0,0,0
"189",1,0,0,0
"190",1,0,0,0
"191",1,0,0,0
"192",1,0,0,0
"193",1,0,0,0
"194",1,0,0,0
"195",1,0,0,0
"196",1,0,0,0
"197",1,0,0,0
"198",1,0,0,0
"199",1,0,0,0
"200",1,0,0,0
"201",1,0,0,0
"202",1,0,0,0
"203",1,0,0,0
"204",1,0,0,0
"205",1,0,0,0
"206",1,0,0,0
"207",1,0,0,0
"208",1,0,0,0
"209",1,0,0,0
"210",1,0,0,0
"211",1,0,0,0
"212",1,0,0,0
"213",1,0,0,0
"214",1,0,0,0
"215",1,0,0,0
"216",1,0,0,0
"217",1,0,0,0
"218",1,0,0,0
"219",1,0,0,0
"220",1,0,0,0
"221",1,0,0,0
"222",1,0,0,0
"223",1,0,0,0
"224",1,0,0,0
"225",1,0,0,0
"226",1,0,0,0
"227",1,0,0,0
"228",1,0,0,0
"229",1,0,0,0
"230",1,0,0,0
"231",1,0,0,0
"232",1,0,0,0
"233",1,0,0,0
"234",1,0,0,0
"235",1,0,0,0
"236",1,0,0,0
"237",1,0,0,0
"238",1,0,0,0
"239",1,0,0,0
"240",1,0,0,0
"241",1,0,0,0
"242",1,0,0,0
"243",1,0,0,0
"244",1,0,0,0
"245",1,0,0,0
"246",1,0,0,0
"247",1,0,0,0
"248",1,0,0,0
"249",1,0,0,0
"250",1,0,0,0
"251",0,1,0,0
"252",0,1,0,0
"253",0,1,0,0
"254",0,1,0,0
"255",0,1,0,0
"256",0,1,0,0
"257",0,1,0,0
"258",0,1,0,0
"259",0,1,0,0
"260",0,1,0,0
"261",0,1,0,0
"262",0,1,0,0
"263",0,1,0,0
"264",0,1,0,0
"265",0,1,0,0
"266",0,1,0,0
"267",0,1,0,0
"268",0,1,0,0
"269",0,1,0,0
"270",0,1,0,0
"271",0,1,0,0
"272",0,1,0,0
"273",0,1,0,0
"274",0,1,0,0
"275",0,1,0,0
"276",0,1,0,0
"277",0,1,0,0
"278",0,1,0,0
"279",0,1,0,0
"280",0,1,0,0
"281",0,1,0,0
"282",0,1,0,0
"283",0,1,0,0
"284",0,1,0,0
"285",0,1,0,0
"286",0,1,0,0
"287",0,1,0,0
"288",0,1,0,0
"289",0,1,0,0
"290",0,1,0,0
"291",0,1,0,0
"292",0,1,0,0
"293",0,1,0,0
"294",0,1,0,0
"295",0,1,0,0
"296",0,1,0,0
"297",0,1,0,0
"298",0,1,0,0
"299",0,1,0,0
"300",0,1,0,0
"301",0,1,0,0
"302",0,1,0,0
"303",0,1,0,0
"304",0,1,0,0
"305",0,1,0,0
"306",0,1,0,0
"307",0,1,0,0
"308",0,1,0,0
"309",0,1,0,0
"310",0,1,0,0
"311",0,1,0,0
"312",0,1,0,0
"313",0,1,0,0
"314",0,1,0,0
"315",0,1,0,0
"316",0,1,0,0
"317",0,1,0,0
"318",0,1,0,0
"319",0,1,0,0
"320",0,1,0,0
"321",0,1,0,0
"322",0,1,0,0
"323",0,1,0,0
"324",0,1,0,0
"325",0,1,0,0
"326",0,1,0,0
"327",0,1,0,0
"328",0,1,0,0
"329",0,1,0,0
"330",0,1,0,0
"331",0,1,0,0
"332",0,1,0,0
"333",0,1,0,0
"334",0,1,0,0
"335",0,1,0,0
"336",0,1,0,0
"337",0,1,0,0
"338",0,1,0,0
"339",0,1,0,0
"340",0,1,0,0
"341",0,1,0,0
"342",0,1,0,0
"343",0,1,0,0
"344",0,1,0,0
"345",0,1,0,0
"346",0,1,0,0
"347",0,1,0,0
"348",0,1,0,0
"349",0,1,0,0
"350",0,1,0,0
"351",0,1,0,0
"352",0,1,0,0
"353",0,1,0,0
"354",0,1,0,0
"355",0,1,0,0
"356",0,1,0,0
"357",0,1,0,0
"358",0,1,0,0
"359",0,1,0,0
"360",0,1,0,0
"361",0,1,0,0
"362",0,1,0,0
"363",0,1,0,0
"364",0,1,0,0
"365",0,1,0,0
"366",0,1,0,0
"367",0,1,0,0
"368",0,1,0,0
"369",0,1,0,0
"370",0,1,0,0
"371",0,1,0,0
"372",0,1,0,0
"373",0,1,0,0
"374",0,1,0,0
"375",0,1,0,0
"376",0,1,0,0
"377",0,1,0,0
"378",0,1,0,0
"379",0,1,0,0
"380",0,1,0,0
"381",0,1,0,0
"382",0,1,0,0
"383",0,1,0,0
"384",0,1,0,0
"385",0,1,0,0
"386",0,1,0,0
"387",0,1,0,0
"388",0,1,0,0
"389",0,1,0,0
"390",0,1,0,0
"391",0,1,0,0
"392",0,1,0,0
"393",0,1,0,0
"394",0,1,0,0
"395",0,1,0,0
"396",0,1,0,0
"397",0,1,0,0
"398",0,1,0,0
"399",0,1,0,0
"400",0,1,0,0
"401",0,0,1,0
"402",0,0,1,0
"403",0,0,1,0
"404",0,0,1,0
"405",0,0,1,0
"406",0,0,1,0
"407",0,0,1,0
"408",0,0,1,0
"409",0,0,1,0
"410",0,0,1,0
"411",0,0,1,0
"412",0,0,1,0
"413",0,0,1,0
"414",0,0,1,0
"415",0,0,1,0
"416",0,0,1,0
"417",0,0,1,0
"418",0,0,1,0
"419",0,0,1,0
"420",0,0,1,0
"421",0,0,1,0
"422",0,0,1,0
"423",0,0,1,0
"424",0,0,1,0
"425",0,0,1,0
"426",0,0,1,0
"427",0,0,1,0
"428",0,0,1,0
"429",0,0,1,0
"430",0,0,1,0
"431",0,0,1,0
"432",0,0,1,0
"433",0,0,1,0
"434",0,0,1,0
"435",0,0,1,0
"436",0,0,1,0
"437",0,0,1,0
"438",0,0,1,0
"439",0,0,1,0
"440",0,0,1,0
"441",0,0,1,0
"442",0,0,1,0
"443",0,0,1,0
"444",0,0,1,0
"445",0,0,1,0
"446",0,0,1,0
"447",0,0,1,0
"448",0,0,1,0
"449",0,0,1,0
"450",0,0,1,0
"451",0,0,1,0
"452",0,0,1,0
"453",0,0,1,0
"454",0,0,1,0
"455",0,0,1,0
"456",0,0,1,0
"457",0,0,1,0
"458",0,0,1,0
"459",0,0,1,0
"460",0,0,1,0
"461",0,0,1,0
"462",0,0,1,0
"463",0,0,1,0
"464",0,0,1,0
"465",0,0,1,0
"466",0,0,1,0
"467",0,0,1,0
"468",0,0,1,0
"469",0,0,1,0
"470",0,0,1,0
"471",0,0,1,0
"472",0,0,1,0
"473",0,0,1,0
"474",0,0,1,0
"475",0,0,1,0
"476",0,0,1,0
"477",0,0,1,0
"478",0,0,1,0
"479",0,0,1,0
"480",0,0,1,0
"481",0,0,1,0
"482",0,0,1,0
"483",0,0,1,0
"484",0,0,1,0
"485",0,0,1,0
"486",0,0,1,0
"487",0,0,1,0
"488",0,0,1,0
"489",0,0,1,0
"490",0,0,1,0
"491",0,0,1,0
"492",0,0,1,0
"493",0,0,1,0
"494",0,0,1,0
"495",0,0,1,0
"496",0,0,1,0
"497",0,0,1,0
"498",0,0,1,0
"499",0,0,1,0
"500",0,0,1,0
"501",0,0,1,0
"502",0,0,1,0
"503",0,0,1,0
"504",0,0,1,0
"505",0,0,1,0
"506",0,0,1,0
"507",0,0,1,0
"508",0,0,1,0
"509",0,0,1,0
"510",0,0,1,0
"511",0,0,1,0
"512",0,0,1,0
"513",0,0,1,0
"514",0,0,1,0
"515",0,0,1,0
"516",0,0,1,0
"517",0,0,1,0
"518",0,0,1,0
"519",0,0,1,0
"520",0,0,1,0
"521",0,0,1,0
"522",0,0,1,0
"523",0,0,1,0
"524",0,0,1,0
"525",0,0,1,0
"526",0,0,1,0
"527",0,0,1,0
"528",0,0,1,0
"529",0,0,1,0
"530",0,0,1,0
"531",0,0,1,0
"532",0,0,1,0
"533",0,0,1,0
"534",0,0,1,0
"535",0,0,1,0
"536",0,0,1,0
"537",0,0,1,0
"538",0,0,1,0
"539",0,0,1,0
"540",0,0,1,0
"541",0,0,1,0
"542",0,0,1,0
"543",0,0,1,0
"544",0,0,1,0
"545",0,0,1,0
"546",0,0,1,0
"547",0,0,1,0
"548",0,0,1,0
"549",0,0,1,0
"550",0,0,1,0
"551",0,0,1,0
"552",0,0,1,0
"553",0,0,1,0
"554",0,0,1,0
"555",0,0,1,0
"556",0,0,1,0
"557",0,0,1,0
"558",0,0,1,0
"559",0,0,1,0
"560",0,0,1,0
"561",0,0,1,0
"562",0,0,1,0
"563",0,0,1,0
"564",0,0,1,0
"565",0,0,1,0
"566",0,0,1,0
"567",0,0,1,0
"568",0,0,1,0
"569",0,0,1,0
"570",0,0,1,0
"571",0,0,1,0
"572",0,0,1,0
"573",0,0,1,0
"574",0,0,1,0
"575",0,0,1,0
"576",0,0,1,0
"577",0,0,1,0
"578",0,0,1,0
"579",0,0,1,0
"580",0,0,1,0
"581",0,0,1,0
"582",0,0,1,0
"583",0,0,1,0
"584",0,0,1,0
"585",0,0,1,0
"586",0,0,1,0
"587",0,0,1,0
"588",0,0,1,0
"589",0,0,1,0
"590",0,0,1,0
"591",0,0,1,0
"592",0,0,1,0
"593",0,0,1,0
"594",0,0,1,0
"595",0,0,1,0
"596",0,0,1,0
"597",0,0,1,0
"598",0,0,1,0
"599",0,0,1,0
"600",0,0,1,0
"601",0,1,1,0
"602",0,1,1,0
"603",0,1,1,0
"604",0,1,1,0
"605",0,1,1,0
"606",0,1,1,0
"607",0,1,1,0
"608",0,1,1,0
"609",0,1,1,0
"610",0,1,1,0
"611",0,1,1,0
"612",0,1,1,0
"613",0,1,1,0
"614",0,1,1,0
"615",0,1,1,0
"616",0,1,1,0
"617",0,1,1,0
"618",0,1,1,0
"619",0,1,1,0
"620",0,1,1,0
"621",0,1,1,0
"622",0,1,1,0
"623",0,1,1,0
"624",0,1,1,0
"625",0,1,1,0
"626",0,1,1,0
"627",0,1,1,0
"628",0,1,1,0
"629",0,1,1,0
"630",0,1,1,0
"631",0,1,1,0
"632",0,1,1,0
"633",0,1,1,0
"634",0,1,1,0
"635",0,1,1,0
"636",0,1,1,0
"637",0,1,1,0
"638",0,1,1,0
"639",0,1,1,0
"640",0,1,1,0
"641",0,1,1,0
"642",0,1,1,0
"643",0,1,1,0
"644",0,1,1,0
"645",0,1,1,0
"646",0,1,1,0
"647",0,1,1,0
"648",0,1,1,0
"649",0,1,1,0
"650",0,1,1,0
"651",0,1,1,0
"652",0,1,1,0
"653",0,1,1,0
"654",0,1,1,0
"655",0,1,1,0
"656",0,1,1,0
"657",0,1,1,0
"658",0,1,1,0
"659",0,1,1,0
"660",0,1,1,0
"661",0,1,1,0
"662",0,1,1,0
"663",0,1,1,0
"664",0,1,1,0
"665",0,1,1,0
"666",0,1,1,0
"667",0,1,1,0
"668",0,1,1,0
"669",0,1,1,0
"670",0,1,1,0
"671",0,1,1,0
"672",0,1,1,0
"673",0,1,1,0
"674",0,1,1,0
"675",0,1,1,0
"676",0,1,1,0
"677",0,1,1,0
"678",0,1,1,0
"679",0,1,1,0
"680",0,1,1,0
"681",0,1,1,0
"682",0,1,1,0
"683",0,1,1,0
"684",0,1,1,0
"685",0,1,1,0
"686",0,1,1,0
"687",0,1,1,0
"688",0,1,1,0
"689",0,1,1,0
"690",0,1,1,0
"691",0,1,1,0
"692",0,1,1,0
"693",0,1,1,0
"694",0,1,1,0
"695",0,1,1,0
"696",0,1,1,0
"697",0,1,1,0
"698",0,1,1,0
"699",0,1,1,0
"700",0,1,1,0
"701",0,1,1,0
"702",0,1,1,0
"703",0,1,1,0
"704",0,1,1,0
"705",0,1,1,0
"706",0,1,1,0
"707",0,1,1,0
"708",0,1,1,0
"709",0,1,1,0
"710",0,1,1,0
"711",0,1,1,0
"712",0,1,1,0
"713",0,1,1,0
"714",0,1,1,0
"715",0,1,1,0
"716",0,1,1,0
"717",0,1,1,0
"718",0,1,1,0
"719",0,1,1,0
"720",0,1,1,0
"721",0,1,1,0
"722",0,1,1,0
"723",0,1,1,0
"724",0,1,1,0
"725",0,1,1,0
"726",0,1,1,0
"727",0,1,1,0
"728",0,1,1,0
"729",0,1,1,0
"730",0,1,1,0
"731",0,1,1,0
"732",0,1,1,0
"733",0,1,1,0
"734",0,1,1,0
"735",0,1,1,0
"736",0,1,1,0
"737",0,1,1,0
"738",0,1,1,0
"739",0,1,1,0
"740",0,1,1,0
"741",0,1,1,0
"742",0,1,1,0
"743",0,1,1,0
"744",0,1,1,0
"745",0,1,1,0
"746",0,1,1,0
"747",0,1,1,0
"748",0,1,1,0
"749",0,1,1,0
"750",0,1,1,0
"751",0,1,1,0
"752",0,1,1,0
"753",0,1,1,0
"754",0,1,1,0
"755",0,1,1,0
"756",0,1,1,0
"757",0,1,1,0
"758",0,1,1,0
"759",0,1,1,0
"760",0,1,1,0
"761",0,1,1,0
"762",0,1,1,0
"763",0,1,1,0
"764",0,1,1,0
"765",0,1,1,0
"766",0,1,1,0
"767",0,1,1,0
"768",0,1,1,0
"769",0,1,1,0
"770",0,1,1,0
"771",0,1,1,0
"772",0,1,1,0
"773",0,1,1,0
"774",0,1,1,0
"775",0,1,1,0
"776",0,1,1,0
"777",0,1,1,0
"778",0,1,1,0
"779",0,1,1,0
"780",0,1,1,0
"781",0,1,1,0
"782",0,1,1,0
"783",0,1,1,0
"784",0,1,1,0
"785",0,1,1,0
"786",0,1,1,0
"787",0,1,1,0
"788",0,1,1,0
"789",0,1,1,0
"790",0,1,1,0
"791",0,1,1,0
"792",0,1,1,0
"793",0,1,1,0
"794",0,1,1,0
"795",0,1,1,0
"796",0,1,1,0
"797",0,1,1,0
"798",0,1,1,0
"799",0,1,1,0
"800",0,1,1,0
"801",0,1,1,0
"802",0,1,1,0
"803",0,1,1,0
"804",0,1,1,0
"805",0,1,1,0
"806",0,1,1,0
"807",0,1,1,0
"808",0,1,1,0
"809",0,1,1,0
"810",0,1,1,0
"811",0,1,1,0
"812",0,1,1,0
"813",0,1,1,0
"814",0,1,1,0
"815",0,1,1,0
"816",0,1,1,0
"817",0,1,1,0
"818",0,1,1,0
"819",0,1,1,0
"820",0,1,1,0
"821",0,1,1,0
"822",0,1,1,0
"823",0,1,1,0
"824",0,1,1,0
"825",0,1,1,0
"826",0,1,1,0
"827",0,1,1,0
"828",0,1,1,0
"829",0,1,1,0
"830",0,1,1,0
"831",0,1,1,0
"832",0,1,1,0
"833",0,1,1,0
"834",0,1,1,0
"835",0,1,1,0
"836",0,1,1,0
"837",0,1,1,0
"838",0,1,1,0
"839",0,1,1,0
"840",0,1,1,0
"841",0,1,1,0
"842",0,1,1,0
"843",0,1,1,0
"844",0,1,1,0
"845",0,1,1,0
"846",0,1,1,0
"847",0,1,1,0
"848",0,1,1,0
"849",0,1,1,0
"850",0,1,1,0
"851",1,1,1,0
"852",1,1,1,0
"853",1,1,1,0
"854",1,1,1,0
"855",1,1,1,0
"856",1,1,1,0
"857",1,1,1,0
"858",1,1,1,0
"859",1,1,1,0
"860",1,1,1,0
"861",1,1,1,0
"862",1,1,1,0
"863",1,1,1,0
"864",1,1,1,0
"865",1,1,1,0
"866",1,1,1,0
"867",1,1,1,0
"868",1,1,1,0
"869",1,1,1,0
"870",1,1,1,0
"871",1,1,1,0
"872",1,1,1,0
"873",1,1,1,0
"874",1,1,1,0
"875",1,1,1,0
"876",1,1,1,0
"877",1,1,1,0
"878",1,1,1,0
"879",1,1,1,0
"880",1,1,1,0
"881",1,1,1,0
"882",1,1,1,0
"883",1,1,1,0
"884",1,1,1,0
"885",1,1,1,0
"886",1,1,1,0
"887",1,1,1,0
"888",1,1,1,0
"889",1,1,1,0
"890",1,1,1,0
"891",1,1,1,0
"892",1,1,1,0
"893",1,1,1,0
"894",1,1,1,0
"895",1,1,1,0
"896",1,1,1,0
"897",1,1,1,0
"898",1,1,1,0
"899",1,1,1,0
"900",1,1,1,0
"901",1,1,1,0
"902",1,1,1,0
"903",1,1,1,0
"904",1,1,1,0
"905",1,1,1,0
"906",1,1,1,0
"907",1,1,1,0
"908",1,1,1,0
"909",1,1,1,0
"910",1,1,1,0
"911",1,1,1,0
"912",1,1,1,0
"913",1,1,1,0
"914",1,1,1,0
"915",1,1,1,0
"916",1,1,1,0
"917",1,1,1,0
"918",1,1,1,0
"919",1,1,1,0
"920",1,1,1,0
"921",1,1,1,0
"922",1,1,1,0
"923",1,1,1,0
"924",1,1,1,0
"925",1,1,1,0
"926",1,1,1,0
"927",1,1,1,0
"928",1,1,1,0
"929",1,1,1,0
"930",1,1,1,0
"931",1,1,1,0
"932",1,1,1,0
"933",1,1,1,0
"934",1,1,1,0
"935",1,1,1,0
"936",1,1,1,0
"937",1,1,1,0
"938",1,1,1,0
"939",1,1,1,0
"940",1,1,1,0
"941",1,1,1,0
"942",1,1,1,0
"943",1,1,1,0
"944",1,1,1,0
"945",1,1,1,0
"946",1,1,1,0
"947",1,1,1,0
"948",1,1,1,0
"949",1,1,1,0
"950",1,1,1,0
"951",1,1,1,0
"952",1,1,1,0
"953",1,1,1,0
"954",1,1,1,0
"955",1,1,1,0
"956",1,1,1,0
"957",1,1,1,0
"958",1,1,1,0
"959",1,1,1,0
"960",1,1,1,0
"961",1,1,1,0
"962",1,1,1,0
"963",1,1,1,0
"964",1,1,1,0
"965",1,1,1,0
"966",1,1,1,0
"967",1,1,1,0
"968",1,1,1,0
"969",1,1,1,0
"970",1,1,1,0
"971",1,1,1,0
"972",1,1,1,0
"973",1,1,1,0
"974",1,1,1,0
"975",1,1,1,0
"976",1,1,1,0
"977",1,1,1,0
"978",1,1,1,0
"979",1,1,1,0
"980",1,1,1,0
"981",1,1,1,0
"982",1,1,1,0
"983",1,1,1,0
"984",1,1,1,0
"985",1,1,1,0
"986",1,1,1,0
"987",1,1,1,0
"988",1,1,1,0
"989",1,1,1,0
"990",1,1,1,0
"991",1,1,1,0
"992",1,1,1,0
"993",1,1,1,0
"994",1,1,1,0
"995",1,1,1,0
"996",1,1,1,0
"997",1,1,1,0
"998",1,1,1,0
"999",1,1,1,0
"1000",1,1,1,0
"1001",1,1,1,0
"1002",1,1,1,0
"1003",1,1,1,0
"1004",1,1,1,0
"1005",1,1,1,0
"1006",1,1,1,0
"1007",1,1,1,0
"1008",1,1,1,0
"1009",1,1,1,0
"1010",1,1,1,0
"1011",1,1,1,0
"1012",1,1,1,0
"1013",1,1,1,0
"1014",1,1,1,0
"1015",1,1,1,0
"1016",1,1,1,0
"1017",1,1,1,0
"1018",1,1,1,0
"1019",1,1,1,0
"1020",1,1,1,0
"1021",1,1,1,0
"1022",1,1,1,0
"1023",1,1,1,0
"1024",1,1,1,0
"1025",1,1,1,0
"1026",1,1,1,0
"1027",1,1,1,0
"1028",1,1,1,0
"1029",1,1,1,0
"1030",1,1,1,0
"1031",1,1,1,0
"1032",1,1,1,0
"1033",1,1,1,0
"1034",1,1,1,0
"1035",1,1,1,0
"1036",1,1,1,0
"1037",1,1,1,0
"1038",1,1,1,0
"1039",1,1,1,0
"1040",1,1,1,0
"1041",1,1,1,0
"1042",1,1,1,0
"1043",1,1,1,0
"1044",1,1,1,0
"1045",1,1,1,0
"1046",1,1,1,0
"1047",1,1,1,0
"1048",1,1,1,0
"1049",1,1,1,0
"1050",1,1,1,0
"1051",1,1,1,0
"1052",1,1,1,0
"1053",1,1,1,0
"1054",1,1,1,0
"1055",1,1,1,0
"1056",1,1,1,0
"1057",1,1,1,0
"1058",1,1,1,0
"1059",1,1,1,0
"1060",1,1,1,0
"1061",1,1,1,0
"1062",1,1,1,0
"1063",1,1,1,0
"1064",1,1,1,0
"1065",1,1,1,0
"1066",1,1,1,0
"1067",1,1,1,0
"1068",1,1,1,0
"1069",1,1,1,0
"1070",1,1,1,0
"1071",1,1,1,0
"1072",1,1,1,0
"1073",1,1,1,0
"1074",1,1,1,0
"1075",1,1,1,0
"1076",1,1,1,0
"1077",1,1,1,0
"1078",1,1,1,0
"1079",1,1,1,0
"1080",1,1,1,0
"1081",1,1,1,0
"1082",1,1,1,0
"1083",1,1,1,0
"1084",1,1,1,0
"1085",1,1,1,0
"1086",1,1,1,0
"1087",1,1,1,0
"1088",1,1,1,0
"1089",1,1,1,0
"1090",1,1,1,0
"1091",1,1,1,0
"1092",1,1,1,0
"1093",1,1,1,0
"1094",1,1,1,0
"1095",1,1,1,0
"1096",1,1,1,0
"1097",1,1,1,0
"1098",1,1,1,0
"1099",1,1,1,0
"1100",1,1,1,0
"1101",1,1,1,0
"1102",1,1,1,0
"1103",1,1,1,0
"1104",1,1,1,0
"1105",1,1,1,0
"1106",1,1,1,0
"1107",1,1,1,0
"1108",1,1,1,0
"1109",1,1,1,0
"1110",1,1,1,0
"1111",1,1,1,0
"1112",1,1,1,0
"1113",1,1,1,0
"1114",1,1,1,0
"1115",1,1,1,0
"1116",1,1,1,0
"1117",1,1,1,0
"1118",1,1,1,0
"1119",1,1,1,0
"1120",1,1,1,0
"1121",1,1,1,0
"1122",1,1,1,0
"1123",1,1,1,0
"1124",1,1,1,0
"1125",1,1,1,0
"1126",1,1,1,0
"1127",1,1,1,0
"1128",1,1,1,0
"1129",1,1,1,0
"1130",1,1,1,0
"1131",1,1,1,0
"1132",1,1,1,0
"1133",1,1,1,0
"1134",1,1,1,0
"1135",1,1,1,0
"1136",1,1,1,0
"1137",1,1,1,0
"1138",1,1,1,0
"1139",1,1,1,0
"1140",1,1,1,0
"1141",1,1,1,0
"1142",1,1,1,0
"1143",1,1,1,0
"1144",1,1,1,0
"1145",1,1,1,0
"1146",1,1,1,0
"1147",1,1,1,0
"1148",1,1,1,0
"1149",1,1,1,0
"1150",1,1,1,0
"1151",1,1,1,0
"1152",1,1,1,0
"1153",1,1,1,0
"1154",1,1,1,0
"1155",1,1,1,0
"1156",1,1,1,0
"1157",1,1,1,0
"1158",1,1,1,0
"1159",1,1,1,0
"1160",1,1,1,0
"1161",1,1,1,0
"1162",1,1,1,0
"1163",1,1,1,0
"1164",1,1,1,0
"1165",1,1,1,0
"1166",1,1,1,0
"1167",1,1,1,0
"1168",1,1,1,0
"1169",1,1,1,0
"1170",1,1,1,0
"1171",1,1,1,0
"1172",1,1,1,0
"1173",1,1,1,0
"1174",1,1,1,0
"1175",1,1,1,0
"1176",1,1,1,0
"1177",1,1,1,0
"1178",1,1,1,0
"1179",1,1,1,0
"1180",1,1,1,0
"1181",1,1,1,0
"1182",1,1,1,0
"1183",1,1,1,0
"1184",1,1,1,0
"1185",1,1,1,0
"1186",1,1,1,0
"1187",1,1,1,0
"1188",1,1,1,0
"1189",1,1,1,0
"1190",1,1,1,0
"1191",1,1,1,0
"1192",1,1,1,0
"1193",1,1,1,0
"1194",1,1,1,0
"1195",1,1,1,0
"1196",1,1,1,0
"1197",1,1,1,0
"1198",1,1,1,0
"1199",1,1,1,0
"1200",1,1,1,0
"1201",1,1,1,0
"1202",1,1,1,0
"1203",1,1,1,0
"1204",1,1,1,0
"1205",1,1,1,0
"1206",1,1,1,0
"1207",1,1,1,0
"1208",1,1,1,0
"1209",1,1,1,0
"1210",1,1,1,0
"1211",1,1,1,0
"1212",1,1,1,0
"1213",1,1,1,0
"1214",1,1,1,0
"1215",1,1,1,0
"1216",1,1,1,0
"1217",1,1,1,0
"1218",1,1,1,0
"1219",1,1,1,0
"1220",1,1,1,0
"1221",1,1,1,0
"1222",1,1,1,0
"1223",1,1,1,0
"1224",1,1,1,0
"1225",1,1,1,0
"1226",1,1,1,0
"1227",1,1,1,0
"1228",1,1,1,0
"1229",1,1,1,0
"1230",1,1,1,0
"1231",1,1,1,0
"1232",1,1,1,0
"1233",1,1,1,0
"1234",1,1,1,0
"1235",1,1,1,0
"1236",1,1,1,0
"1237",1,1,1,0
"1238",1,1,1,0
"1239",1,1,1,0
"1240",1,1,1,0
"1241",1,1,1,0
"1242",1,1,1,0
"1243",1,1,1,0
"1244",1,1,1,0
"1245",1,1,1,0
"1246",1,1,1,0
"1247",1,1,1,0
"1248",1,1,1,0
"1249",1,1,1,0
"1250",1,1,1,0
"1251",1,1,1,0
"1252",1,1,1,0
"1253",1,1,1,0
"1254",1,1,1,0
"1255",1,1,1,0
"1256",1,1,1,0
"1257",1,1,1,0
"1258",1,1,1,0
"1259",1,1,1,0
"1260",1,1,1,0
"1261",1,1,1,0
"1262",1,1,1,0
"1263",1,1,1,0
"1264",1,1,1,0
"1265",1,1,1,0
"1266",1,1,1,0
"1267",1,1,1,0
"1268",1,1,1,0
"1269",1,1,1,0
"1270",1,1,1,0
"1271",1,1,1,0
"1272",1,1,1,0
"1273",1,1,1,0
"1274",1,1,1,0
"1275",1,1,1,0
"1276",1,1,1,0
"1277",1,1,1,0
"1278",1,1,1,0
"1279",1,1,1,0
"1280",1,1,1,0
"1281",1,1,1,0
"1282",1,1,1,0
"1283",1,1,1,0
"1284",1,1,1,0
"1285",1,1,1,0
"1286",1,1,1,0
"1287",1,1,1,0
"1288",1,1,1,0
"1289",1,1,1,0
"1290",1,1,1,0
"1291",1,1,1,0
"1292",1,1,1,0
"1293",1,1,1,0
"1294",1,1,1,0
"1295",1,1,1,0
"1296",1,1,1,0
"1297",1,1,1,0
"1298",1,1,1,0
"1299",1,1,1,0
"1300",1,1,1,0
"1301",1,1,1,0
"1302",1,1,1,0
"1303",1,1,1,0
"1304",1,1,1,0
"1305",1,1,1,0
"1306",1,1,1,0
"1307",1,1,1,0
"1308",1,1,1,0
"1309",1,1,1,0
"1310",1,1,1,0
"1311",1,1,1,0
"1312",1,1,1,0
"1313",1,1,1,0
"1314",1,1,1,0
"1315",1,1,1,0
"1316",1,1,1,0
"1317",1,1,1,0
"1318",1,1,1,0
"1319",1,1,1,0
"1320",1,1,1,0
"1321",1,1,1,0
"1322",1,1,1,0
"1323",1,1,1,0
"1324",1,1,1,0
"1325",1,1,1,0
"1326",1,1,1,0
"1327",1,1,1,0
"1328",1,1,1,0
"1329",1,1,1,0
"1330",1,1,1,0
"1331",1,1,1,0
"1332",1,1,1,0
"1333",1,1,1,0
"1334",1,1,1,0
"1335",1,1,1,0
"1336",1,1,1,0
"1337",1,1,1,0
"1338",1,1,1,0
"1339",1,1,1,0
"1340",1,1,1,0
"1341",1,1,1,0
"1342",1,1,1,0
"1343",1,1,1,0
"1344",1,1,1,0
"1345",1,1,1,0
"1346",1,1,1,0
"1347",1,1,1,0
"1348",1,1,1,0
"1349",1,1,1,0
"1350",1,1,1,0
"1351",0,1,1,1
"1352",0,1,1,1
"1353",0,1,1,1
"1354",0,1,1,1
"1355",0,1,1,1
"1356",0,1,1,1
"1357",0,1,1,1
"1358",0,1,1,1
"1359",0,1,1,1
"1360",0,1,1,1
"1361",0,1,1,1
"1362",0,1,1,1
"1363",0,1,1,1
"1364",0,1,1,1
"1365",0,1,1,1
"1366",0,1,1,1
"1367",0,1,1,1
"1368",0,1,1,1
"1369",0,1,1,1
"1370",0,1,1,1
"1371",0,1,1,1
"1372",0,1,1,1
"1373",0,1,1,1
"1374",0,1,1,1
"1375",0,1,1,1
"1376",0,1,1,1
"1377",0,1,1,1
"1378",0,1,1,1
"1379",0,1,1,1
"1380",0,1,1,1
"1381",0,1,1,1
"1382",0,1,1,1
"1383",0,1,1,1
"1384",0,1,1,1
"1385",0,1,1,1
"1386",0,1,1,1
"1387",0,1,1,1
"1388",0,1,1,1
"1389",0,1,1,1
"1390",0,1,1,1
"1391",0,1,1,1
"1392",0,1,1,1
"1393",0,1,1,1
"1394",0,1,1,1
"1395",0,1,1,1
"1396",0,1,1,1
"1397",0,1,1,1
"1398",0,1,1,1
"1399",0,1,1,1
"1400",0,1,1,1
"1401",0,1,1,1
"1402",0,1,1,1
"1403",0,1,1,1
"1404",0,1,1,1
"1405",0,1,1,1
"1406",0,1,1,1
"1407",0,1,1,1
"1408",0,1,1,1
"1409",0,1,1,1
"1410",0,1,1,1
"1411",0,1,1,1
"1412",0,1,1,1
"1413",0,1,1,1
"1414",0,1,1,1
"1415",0,1,1,1
"1416",0,1,1,1
"1417",0,1,1,1
"1418",0,1,1,1
"1419",0,1,1,1
"1420",0,1,1,1
"1421",0,1,1,1
"1422",0,1,1,1
"1423",0,1,1,1
"1424",0,1,1,1
"1425",0,1,1,1
"1426",0,1,1,1
"1427",0,1,1,1
"1428",0,1,1,1
"1429",0,1,1,1
"1430",0,1,1,1
"1431",0,1,1,1
"1432",0,1,1,1
"1433",0,1,1,1
"1434",0,1,1,1
"1435",0,1,1,1
"1436",0,1,1,1
"1437",0,1,1,1
"1438",0,1,1,1
"1439",0,1,1,1
"1440",0,1,1,1
"1441",0,1,1,1
"1442",0,1,1,1
"1443",0,1,1,1
"1444",0,1,1,1
"1445",0,1,1,1
"1446",0,1,1,1
"1447",0,1,1,1
"1448",0,1,1,1
"1449",0,1,1,1
"1450",0,1,1,1
"1451",0,1,1,1
"1452",0,1,1,1
"1453",0,1,1,1
"1454",0,1,1,1
"1455",0,1,1,1
"1456",0,1,1,1
"1457",0,1,1,1
"1458",0,1,1,1
"1459",0,1,1,1
"1460",0,1,1,1
"1461",0,1,1,1
"1462",0,1,1,1
"1463",0,1,1,1
"1464",0,1,1,1
"1465",0,1,1,1
"1466",0,1,1,1
"1467",0,1,1,1
"1468",0,1,1,1
"1469",0,1,1,1
"1470",0,1,1,1
"1471",0,1,1,1
"1472",0,1,1,1
"1473",0,1,1,1
"1474",0,1,1,1
"1475",0,1,1,1
"1476",0,1,1,1
"1477",0,1,1,1
"1478",0,1,1,1
"1479",0,1,1,1
"1480",0,1,1,1
"1481",0,1,1,1
"1482",0,1,1,1
"1483",0,1,1,1
"1484",0,1,1,1
"1485",0,1,1,1
"1486",0,1,1,1
"1487",0,1,1,1
"1488",0,1,1,1
"1489",0,1,1,1
"1490",0,1,1,1
"1491",0,1,1,1
"1492",0,1,1,1
"1493",0,1,1,1
"1494",0,1,1,1
"1495",0,1,1,1
"1496",0,1,1,1
"1497",0,1,1,1
"1498",0,1,1,1
"1499",0,1,1,1
"1500",0,1,1,1
"1501",0,1,1,1
"1502",0,1,1,1
"1503",0,1,1,1
"1504",0,1,1,1
"1505",0,1,1,1
"1506",0,1,1,1
"1507",0,1,1,1
"1508",0,1,1,1
"1509",0,1,1,1
"1510",0,1,1,1
"1511",0,1,1,1
"1512",0,1,1,1
"1513",0,1,1,1
"1514",0,1,1,1
"1515",0,1,1,1
"1516",0,1,1,1
"1517",0,1,1,1
"1518",0,1,1,1
"1519",0,1,1,1
"1520",0,1,1,1
"1521",0,1,1,1
"1522",0,1,1,1
"1523",0,1,1,1
"1524",0,1,1,1
"1525",0,1,1,1
"1526",0,1,1,1
"1527",0,1,1,1
"1528",0,1,1,1
"1529",0,1,1,1
"1530",0,1,1,1
"1531",0,1,1,1
"1532",0,1,1,1
"1533",0,1,1,1
"1534",0,1,1,1
"1535",0,1,1,1
"1536",0,1,1,1
"1537",0,1,1,1
"1538",0,1,1,1
"1539",0,1,1,1
"1540",0,1,1,1
"1541",0,1,1,1
"1542",0,1,1,1
"1543",0,1,1,1
"1544",0,1,1,1
"1545",0,1,1,1
"1546",0,1,1,1
"1547",0,1,1,1
"1548",0,1,1,1
"1549",0,1,1,1
"1550",0,1,1,1
"1551",0,1,1,1
"1552",0,1,1,1
"1553",0,1,1,1
"1554",0,1,1,1
"1555",0,1,1,1
"1556",0,1,1,1
"1557",0,1,1,1
"1558",0,1,1,1
"1559",0,1,1,1
"1560",0,1,1,1
"1561",0,1,1,1
"1562",0,1,1,1
"1563",0,1,1,1
"1564",0,1,1,1
"1565",0,1,1,1
"1566",0,1,1,1
"1567",0,1,1,1
"1568",0,1,1,1
"1569",0,1,1,1
"1570",0,1,1,1
"1571",0,1,1,1
"1572",0,1,1,1
"1573",0,1,1,1
"1574",0,1,1,1
"1575",0,1,1,1
"1576",0,1,1,1
"1577",0,1,1,1
"1578",0,1,1,1
"1579",0,1,1,1
"1580",0,1,1,1
"1581",0,1,1,1
"1582",0,1,1,1
"1583",0,1,1,1
"1584",0,1,1,1
"1585",0,1,1,1
"1586",0,1,1,1
"1587",0,1,1,1
"1588",0,1,1,1
"1589",0,1,1,1
"1590",0,1,1,1
"1591",0,1,1,1
"1592",0,1,1,1
"1593",0,1,1,1
"1594",0,1,1,1
"1595",0,1,1,1
"1596",0,1,1,1
"1597",0,1,1,1
"1598",0,1,1,1
"1599",0,1,1,1
"1600",0,1,1,1
"1601",0,0,0,0
"1602",0,0,0,0
"1603",0,0,0,0
"1604",0,0,0,0
"1605",0,0,0,0
"1606",0,0,0,0
"1607",0,0,0,0
"1608",0,0,0,0
"1609",0,0,0,0
"1610",0,0,0,0
