"","G93","G354","G358","G452","G605","G741","G848","G902","G1091","G1189","G4146"
"1",1,1,1,1,1,0,0,0,0,0,0
"2",0,1,0,0,0,1,1,0,0,0,0
"3",0,0,0,0,0,0,0,1,0,0,0
"4",0,0,0,1,0,0,0,1,1,1,0
"5",0,0,1,0,1,0,0,1,0,0,0
"6",0,1,0,1,0,0,0,0,1,0,0
"7",1,0,0,0,0,1,0,0,0,0,0
"8",0,0,0,0,0,0,0,0,0,0,0
"9",1,1,0,0,1,0,0,0,0,0,0
"10",1,0,0,0,0,1,1,0,0,0,0
"11",1,0,0,0,1,1,0,0,0,1,0
"12",0,0,0,0,0,0,0,0,0,0,0
"13",0,0,0,1,0,1,1,0,0,0,0
"14",0,0,0,1,0,0,0,1,1,0,0
"15",1,0,0,0,1,1,0,0,0,0,0
"16",1,0,0,0,0,0,0,1,1,0,1
"17",0,0,1,0,0,0,1,0,0,0,0
"18",0,0,0,0,1,0,1,1,0,1,0
"19",1,1,1,1,0,1,1,0,0,1,0
"20",0,0,0,0,0,1,0,0,0,0,1
"21",0,0,1,1,0,1,0,0,0,0,0
"22",0,0,0,1,0,0,1,1,0,1,0
"23",0,1,1,1,0,1,0,0,0,0,1
"24",0,0,0,0,0,0,0,0,0,0,0
"25",0,1,0,0,0,0,0,0,0,0,0
"26",0,1,0,0,1,0,0,0,0,0,0
"27",0,0,1,0,0,1,0,0,0,1,0
"28",0,1,1,0,0,1,0,0,0,0,1
"29",1,1,0,0,0,0,1,0,0,0,0
"30",0,0,0,0,0,0,1,1,0,0,0
"31",1,1,1,0,0,0,0,0,0,0,0
"32",0,1,1,0,1,1,0,0,0,0,0
"33",1,0,0,0,0,1,0,0,0,0,0
"34",0,0,0,1,0,1,0,0,0,0,0
"35",0,0,1,0,0,0,0,0,0,0,0
"36",0,1,0,1,0,0,0,0,0,0,0
"37",0,1,0,1,0,1,0,0,0,0,1
"38",0,0,0,0,1,0,1,1,0,0,0
"39",0,0,0,0,0,1,0,0,0,0,0
"40",0,0,0,0,0,0,0,0,0,0,0
"41",0,0,0,0,0,0,0,0,0,0,0
"42",1,0,0,0,1,1,0,0,1,0,0
"43",1,0,0,0,0,1,0,0,0,0,1
"44",0,0,0,0,1,1,1,0,1,0,0
"45",0,1,0,0,0,1,1,0,0,0,0
"46",0,1,0,0,1,1,1,0,1,0,1
"47",1,1,0,0,1,1,0,0,0,0,1
"48",1,0,1,0,1,0,0,1,1,0,0
"49",1,0,0,0,0,0,0,0,0,0,0
"50",1,0,0,0,0,0,0,1,0,0,0
"51",0,0,0,0,0,0,0,0,0,1,0
"52",0,0,1,0,0,1,0,0,0,0,0
"53",0,0,0,0,1,1,1,0,0,0,0
"54",0,0,0,0,0,0,0,0,0,0,1
"55",1,0,0,0,1,0,0,0,0,0,0
"56",1,0,0,0,0,0,1,0,0,0,0
"57",1,0,0,0,0,1,0,0,0,0,0
"58",0,1,0,0,0,0,0,0,0,0,0
"59",0,0,0,0,0,1,1,0,0,0,0
"60",0,0,1,0,0,0,0,1,0,1,0
"61",0,0,0,0,1,0,0,0,0,0,0
"62",0,1,0,0,1,0,0,0,0,0,0
"63",0,0,0,0,0,0,0,0,0,0,0
"64",0,0,0,0,1,0,0,0,0,1,0
"65",0,0,0,0,0,0,0,0,0,0,0
"66",1,0,0,0,0,0,0,0,0,0,0
"67",0,0,0,0,0,0,0,1,0,0,0
"68",0,0,0,0,1,0,1,1,0,1,0
"69",0,0,1,0,0,0,0,0,0,0,0
"70",0,0,0,0,1,1,1,1,0,0,0
"71",0,0,0,0,0,1,1,1,0,1,0
"72",0,0,0,1,0,0,0,0,0,0,0
"73",0,0,0,0,0,0,0,1,0,0,0
"74",0,0,0,0,0,0,0,0,0,0,0
"75",1,0,0,0,1,0,0,0,0,0,0
"76",0,0,0,1,0,0,0,1,0,0,0
"77",0,0,0,0,0,0,0,1,0,0,0
"78",1,0,0,0,1,0,0,0,0,0,0
"79",0,0,0,0,0,0,0,1,0,0,0
"80",0,0,0,0,0,0,0,0,0,0,1
"81",0,1,0,0,0,0,0,0,0,0,0
"82",0,0,0,0,0,0,0,0,1,0,0
"83",0,1,0,0,0,1,1,0,1,0,0
"84",0,0,0,0,0,0,0,0,0,0,0
"85",1,0,0,0,0,0,0,0,0,0,0
"86",1,1,0,1,0,0,0,0,0,0,0
"87",0,0,0,1,0,0,0,1,0,1,0
"88",0,0,1,0,0,1,1,0,0,0,0
"89",0,0,0,1,0,1,0,0,1,0,0
"90",0,0,0,0,0,0,1,0,1,0,0
"91",0,0,0,0,0,0,1,0,0,1,0
"92",0,0,0,1,0,1,1,0,0,0,0
"93",1,0,1,1,0,1,1,0,0,0,0
"94",1,1,1,0,0,1,0,0,0,1,0
"95",1,1,0,0,1,0,0,1,0,0,0
"96",0,0,0,0,0,0,0,0,0,1,0
"97",0,0,0,1,0,0,1,1,0,0,0
"98",0,1,0,0,1,0,0,0,0,0,0
"99",1,0,1,0,1,1,0,0,0,0,0
"100",0,0,0,0,0,1,1,0,0,0,0
"101",0,0,0,0,0,0,0,0,1,0,0
"102",0,0,0,0,0,1,1,0,1,0,0
"103",0,1,0,0,0,1,0,0,0,0,0
"104",0,0,1,0,0,1,0,0,0,0,1
"105",1,1,0,0,1,1,0,0,0,0,1
"106",1,1,0,0,0,1,0,0,0,0,1
"107",0,0,0,0,0,0,1,0,0,0,0
"108",0,0,0,0,1,1,1,1,0,1,0
"109",1,1,0,0,1,0,0,0,0,0,0
"110",1,1,0,0,0,1,0,0,0,0,0
"111",0,0,0,0,0,1,0,0,0,0,1
"112",1,0,0,1,1,0,0,0,1,0,0
"113",0,0,0,0,0,0,0,0,1,0,0
"114",0,0,0,0,0,0,0,0,0,0,0
"115",1,0,0,1,0,1,0,0,0,1,1
"116",0,1,0,0,0,1,0,0,0,1,1
"117",1,0,0,0,0,0,0,0,0,0,0
"118",1,1,1,1,1,0,0,0,1,1,0
"119",0,0,0,0,0,0,1,1,0,0,0
"120",0,0,0,0,0,0,0,0,0,0,0
"121",0,1,0,1,1,0,0,0,0,0,0
"122",0,1,1,1,0,0,1,0,0,0,0
"123",1,0,0,0,0,1,0,1,0,0,0
"124",0,0,0,0,1,1,0,0,0,0,0
"125",1,0,0,0,0,1,0,0,1,0,1
"126",0,1,0,0,0,0,1,1,0,0,0
"127",0,0,1,1,0,1,0,0,0,0,0
"128",0,1,1,0,0,1,0,0,0,0,0
"129",1,0,1,0,0,0,0,0,0,0,0
"130",0,0,0,0,0,0,0,0,0,0,1
"131",1,0,0,0,0,1,0,0,1,0,0
"132",0,1,0,0,0,1,1,0,1,0,0
"133",0,0,0,1,1,1,1,0,0,0,0
"134",1,1,1,1,0,0,0,1,1,1,0
"135",0,0,0,0,0,1,0,0,0,0,0
"136",0,0,0,0,1,0,0,0,0,0,0
"137",0,1,0,1,0,0,0,0,0,0,0
"138",0,0,0,1,1,1,1,1,1,0,0
"139",0,0,0,1,0,1,1,1,0,1,0
"140",0,1,1,0,1,1,0,0,0,0,1
"141",1,0,0,0,0,1,0,0,0,0,0
"142",0,0,0,0,0,0,0,1,0,0,0
"143",1,0,0,0,1,0,0,1,0,1,0
"144",0,0,0,1,0,0,0,0,0,1,0
"145",0,1,0,0,0,0,0,0,0,0,0
"146",0,1,0,0,1,0,0,1,0,1,0
"147",0,1,0,0,0,0,0,0,0,0,0
"148",0,0,0,0,0,0,1,0,0,0,0
"149",0,0,0,0,1,0,1,1,0,1,0
"150",0,0,0,0,0,0,1,0,0,0,0
"151",1,0,0,0,0,0,1,1,1,1,0
"152",0,0,1,0,1,0,1,0,1,1,0
"153",1,0,0,0,0,1,1,0,0,1,0
"154",0,0,0,0,0,0,0,0,0,0,0
"155",0,1,0,1,0,1,1,1,0,1,0
"156",0,0,1,0,1,1,0,1,1,1,0
"157",0,0,0,0,0,0,1,0,0,0,1
"158",0,0,1,0,1,0,1,1,1,0,0
"159",0,1,0,0,0,0,1,0,0,0,0
"160",0,0,0,0,0,0,1,0,0,0,0
"161",0,0,0,0,0,0,0,0,0,1,0
"162",0,0,0,0,0,1,1,0,1,0,0
"163",0,1,0,0,0,1,0,0,0,0,0
"164",0,0,0,0,0,0,0,0,0,0,0
"165",1,0,0,1,1,0,1,0,0,1,0
"166",0,0,0,1,0,1,0,0,0,0,1
"167",0,0,0,1,0,1,0,0,0,0,1
"168",0,0,0,0,0,1,0,0,1,0,0
"169",0,0,0,0,0,1,1,0,0,0,1
"170",1,0,0,0,1,0,0,0,0,0,0
"171",0,0,0,1,1,1,0,0,0,1,0
"172",0,0,0,1,1,1,1,0,0,0,0
"173",1,1,0,0,0,1,0,0,0,1,1
"174",1,0,0,0,1,0,0,1,1,1,0
"175",0,1,0,1,0,0,0,0,0,0,0
"176",0,0,1,1,1,1,0,0,1,0,1
"177",1,1,0,0,0,1,0,0,0,0,0
"178",0,0,0,0,0,0,0,0,0,1,0
"179",0,1,0,0,0,1,0,0,0,0,0
"180",0,0,1,0,1,1,0,0,0,0,0
"181",0,1,0,1,0,1,0,0,0,0,0
"182",0,0,0,0,1,1,1,0,0,0,1
"183",0,0,0,0,0,0,0,0,0,0,0
"184",0,0,0,0,0,0,1,1,0,0,0
"185",0,0,0,0,0,0,0,0,0,0,0
"186",0,0,0,0,0,1,0,0,0,0,0
"187",0,0,0,0,0,0,0,0,0,0,0
"188",0,0,0,0,0,0,0,0,0,0,1
"189",1,0,0,0,0,0,0,0,0,0,0
"190",1,0,0,0,0,1,1,0,0,0,0
"191",1,0,1,1,1,0,1,0,0,1,0
"192",0,0,1,0,0,0,0,0,0,0,0
"193",0,0,0,0,0,0,0,0,0,0,0
"194",0,0,0,1,0,0,1,0,1,0,1
"195",0,1,0,1,0,0,0,0,0,0,0
"196",0,0,0,0,0,1,0,0,0,0,1
"197",0,1,1,0,0,0,0,0,0,0,0
"198",1,1,0,0,0,0,0,0,0,0,0
"199",0,0,0,0,0,1,0,0,1,0,0
"200",0,0,0,0,0,0,1,0,0,1,0
"201",0,0,0,0,0,0,0,0,0,0,0
"202",1,0,1,0,1,1,1,0,0,0,1
"203",0,0,0,1,0,1,0,0,0,0,1
"204",1,0,0,0,0,1,0,0,1,0,1
"205",0,0,0,0,0,1,0,0,0,0,1
"206",0,1,1,0,0,0,0,0,1,0,0
"207",1,0,0,0,0,0,0,0,0,0,1
"208",0,1,0,0,0,0,0,0,0,0,0
"209",0,1,1,0,1,0,0,0,0,0,0
"210",0,0,0,0,0,1,0,0,0,0,0
"211",0,1,0,0,0,0,0,0,0,0,0
"212",0,0,0,0,0,1,1,1,0,1,0
"213",0,1,0,0,0,1,0,1,1,0,0
"214",0,1,0,0,1,0,0,0,0,0,0
"215",0,0,0,0,0,0,1,0,0,0,0
"216",0,0,0,0,0,0,0,0,1,1,0
"217",0,0,0,0,0,0,0,0,0,0,0
"218",1,0,0,0,1,1,0,0,0,0,0
"219",0,0,0,1,0,1,1,0,1,0,0
"220",0,1,0,0,0,0,1,0,0,0,0
"221",1,1,0,0,0,1,1,0,1,0,1
"222",0,0,0,1,0,1,1,1,0,0,0
"223",0,0,0,0,1,1,1,0,0,0,0
"224",1,0,0,0,0,1,0,0,0,0,0
"225",0,0,0,0,1,1,1,0,0,0,0
"226",1,0,0,1,1,1,0,0,0,0,0
"227",1,0,1,1,1,1,1,0,0,0,0
"228",0,0,0,1,0,0,1,0,0,0,0
"229",0,1,0,0,0,1,1,0,0,1,0
"230",1,1,0,0,0,1,0,0,0,0,0
"231",1,0,0,0,1,0,0,1,1,0,0
"232",1,0,0,1,1,0,0,0,0,0,0
"233",0,0,0,0,0,1,0,0,0,0,0
"234",1,0,0,0,0,1,0,0,1,0,0
"235",0,1,0,0,0,1,1,0,0,0,0
"236",1,0,0,0,0,0,0,0,0,0,0
"237",1,0,0,1,0,1,0,0,0,0,0
"238",0,0,1,0,0,1,0,0,0,0,1
"239",0,1,1,0,0,1,1,0,0,0,1
"240",1,0,0,0,0,1,0,0,0,0,0
"241",1,0,0,1,0,1,0,0,0,0,0
"242",1,1,0,0,0,1,1,0,0,0,0
"243",1,0,0,1,0,0,0,0,0,0,0
"244",0,1,1,0,0,0,0,0,1,0,0
"245",0,0,0,0,0,1,0,0,0,0,0
"246",1,0,0,1,0,1,1,0,0,1,0
"247",0,1,0,1,0,0,1,0,0,0,0
"248",0,1,0,1,0,1,1,0,0,0,0
"249",0,0,1,0,0,1,0,0,0,0,0
"250",0,1,0,0,0,0,1,1,0,0,0
"251",1,0,0,0,0,1,0,0,0,0,0
"252",1,0,0,0,0,0,0,1,0,0,0
"253",0,0,0,0,0,1,0,0,0,0,1
"254",0,1,0,0,0,1,0,0,0,0,0
"255",1,0,1,0,1,1,0,0,0,0,0
"256",1,0,1,1,1,1,0,0,0,0,1
"257",1,0,0,0,1,1,1,0,1,0,0
"258",0,0,0,1,0,0,1,1,0,0,0
"259",0,1,0,0,0,0,0,0,0,0,0
"260",0,0,0,0,0,1,0,0,0,0,0
"261",0,0,0,1,1,1,0,0,1,0,1
"262",1,0,1,0,0,1,0,0,1,0,0
"263",0,0,0,0,0,0,1,0,0,0,0
"264",0,0,0,0,0,0,0,0,0,0,0
"265",0,0,0,0,0,1,1,0,0,0,0
"266",1,0,1,0,0,0,0,0,0,0,0
"267",0,1,0,0,0,0,0,0,0,0,0
"268",1,0,0,0,0,0,0,0,0,0,0
"269",0,0,0,0,0,1,0,0,0,0,1
"270",1,1,0,0,0,0,1,0,0,0,0
"271",0,1,1,1,0,0,0,0,0,0,0
"272",1,0,0,0,1,0,0,1,0,1,0
"273",0,0,1,0,0,0,0,0,0,0,0
"274",0,0,0,0,0,1,0,0,0,0,0
"275",1,0,0,0,1,1,0,0,0,0,0
"276",0,1,0,1,1,1,0,0,0,0,0
"277",1,0,0,1,0,0,0,0,0,0,0
"278",0,0,0,0,0,0,0,0,0,0,0
"279",0,1,0,0,0,0,0,0,0,0,0
"280",0,0,0,1,0,1,1,0,0,0,0
"281",0,0,0,0,0,1,0,0,0,0,0
"282",1,1,0,1,1,1,0,0,1,0,1
"283",0,0,0,0,1,1,0,0,0,0,1
"284",1,0,0,0,0,1,0,0,0,0,0
"285",1,0,0,0,1,1,0,0,0,0,1
"286",1,0,1,0,1,1,0,0,0,0,1
"287",1,0,1,0,0,1,0,0,0,0,0
"288",0,1,0,1,1,0,0,0,0,1,0
"289",0,0,0,0,0,1,0,0,0,0,0
"290",1,1,1,1,1,1,1,0,1,0,1
"291",0,0,0,0,0,1,1,0,0,1,0
"292",0,0,0,0,0,1,1,0,0,0,0
"293",0,1,0,0,0,0,0,0,0,0,1
"294",1,0,0,0,1,0,1,0,0,1,0
"295",0,0,0,0,0,1,0,0,1,0,0
"296",0,1,1,0,0,1,0,0,0,0,1
"297",0,0,1,0,0,1,0,0,0,0,0
"298",0,0,0,0,0,0,1,1,0,0,0
"299",1,1,1,0,1,0,0,0,0,1,1
"300",1,0,0,0,0,1,0,0,0,1,1
"301",0,0,0,0,0,1,0,0,0,0,1
"302",0,0,0,0,0,0,0,0,1,1,0
"303",1,0,0,0,0,0,0,0,0,0,0
"304",1,0,0,0,0,0,0,0,0,0,0
"305",0,0,0,0,0,0,0,0,0,0,0
"306",1,1,1,1,0,0,0,0,0,0,0
"307",0,0,0,0,0,1,0,0,0,0,0
"308",0,0,0,0,0,1,0,0,0,0,1
"309",1,0,0,1,0,1,0,0,0,1,0
"310",0,0,0,0,0,0,0,1,0,0,1
"311",0,0,0,0,0,1,0,0,0,0,0
"312",0,0,0,1,1,1,1,0,0,0,0
"313",0,0,0,0,0,1,0,0,0,0,0
"314",0,0,0,0,0,0,0,0,0,0,0
"315",0,0,0,0,0,0,0,0,0,0,0
"316",0,0,0,0,0,1,0,0,0,0,0
"317",0,1,0,0,0,1,0,0,1,0,0
"318",0,0,1,0,0,1,1,0,1,0,0
"319",1,0,0,0,0,1,1,0,1,0,0
"320",0,1,1,0,1,0,1,0,0,0,0
"321",1,0,1,0,1,1,0,0,0,0,0
"322",0,0,0,0,0,0,0,0,0,0,0
"323",0,0,1,0,0,0,0,0,0,0,0
"324",1,1,1,1,0,1,0,0,1,0,1
"325",1,0,1,1,1,0,0,1,0,0,0
"326",0,0,0,0,0,1,0,0,0,0,0
"327",0,0,1,1,0,0,0,0,0,0,0
"328",0,0,1,0,0,1,1,0,0,0,0
"329",0,0,0,1,0,0,1,1,0,1,0
"330",1,0,0,0,0,0,0,0,0,0,1
"331",0,0,0,0,0,0,0,0,0,0,0
"332",0,0,0,0,0,1,0,0,1,1,1
"333",1,0,0,0,0,0,1,1,0,0,1
"334",1,0,0,0,0,1,0,0,0,0,0
"335",0,0,0,0,0,0,0,1,0,0,0
"336",0,0,0,0,0,1,0,0,1,0,1
"337",0,1,0,0,0,0,0,0,0,0,0
"338",0,0,0,0,0,1,0,0,0,1,1
"339",0,0,0,0,0,0,0,0,0,0,0
"340",0,0,0,0,0,0,0,1,0,0,0
"341",0,1,0,0,0,0,0,0,0,0,1
"342",0,0,0,0,0,1,0,0,1,0,1
"343",0,0,0,0,0,1,0,0,1,0,0
"344",0,1,0,0,0,1,0,0,0,0,1
"345",0,1,1,1,0,1,1,0,0,0,0
"346",1,1,0,0,0,0,0,0,0,1,0
"347",0,0,0,0,0,1,0,0,0,1,1
"348",0,0,0,0,0,0,0,0,0,0,0
"349",1,1,1,0,1,1,0,0,0,0,0
"350",0,0,0,0,0,1,0,0,0,0,1
"351",1,1,1,1,1,0,0,0,0,0,1
"352",0,0,0,1,0,0,0,0,0,0,1
"353",0,0,0,0,0,1,0,0,0,0,1
"354",1,0,0,1,0,1,1,0,0,0,0
"355",0,0,0,0,0,0,0,0,0,0,0
"356",1,0,0,0,0,1,0,0,0,0,0
"357",0,1,1,0,0,1,0,0,0,0,1
"358",0,0,0,0,0,1,0,0,0,0,1
"359",0,0,0,0,0,0,0,0,0,0,0
"360",1,0,0,0,1,1,0,0,0,0,0
"361",0,0,0,0,0,1,0,0,0,0,0
"362",0,0,0,0,0,1,1,0,0,0,0
"363",0,0,0,0,0,0,0,0,0,0,0
"364",0,0,0,0,0,0,0,0,0,0,0
"365",0,1,1,1,0,1,1,0,0,1,1
"366",0,0,0,0,0,0,0,1,0,0,0
"367",0,1,0,1,0,0,1,0,1,0,1
"368",0,0,0,0,0,1,0,0,0,0,0
"369",0,0,0,0,0,0,0,0,0,0,0
"370",0,0,1,0,0,0,0,0,0,1,0
"371",0,1,0,0,0,1,0,0,0,0,1
"372",0,0,0,0,0,0,0,0,0,0,0
"373",1,1,1,1,1,0,0,0,1,0,0
"374",0,1,0,0,1,0,0,0,0,1,0
"375",1,0,0,0,1,0,0,0,0,0,0
"376",0,0,0,0,0,0,0,0,0,0,0
"377",0,1,0,0,0,1,0,0,0,0,0
"378",0,0,0,0,0,1,1,0,0,0,0
"379",0,0,0,0,0,0,0,0,0,0,0
"380",0,0,0,1,0,0,1,1,0,1,0
"381",1,0,0,0,0,0,1,0,0,0,0
"382",1,0,0,0,0,1,0,0,1,0,0
"383",1,0,0,0,0,0,1,1,1,0,0
"384",0,1,0,0,0,0,0,0,0,0,0
"385",0,1,0,0,0,0,0,0,0,0,0
"386",1,1,1,0,0,1,0,0,1,0,0
"387",0,0,0,0,0,1,1,0,0,1,0
"388",0,0,0,1,0,1,1,1,0,1,0
"389",0,1,0,0,0,1,0,0,0,0,1
"390",0,0,0,1,0,1,1,1,0,1,0
"391",0,0,0,1,0,1,0,1,0,0,0
"392",0,0,0,0,0,1,0,0,0,0,0
"393",0,0,0,0,1,1,0,0,0,0,0
"394",1,0,0,1,0,1,0,0,0,0,0
"395",0,0,0,0,0,0,0,0,0,0,0
"396",0,0,0,0,0,1,0,0,0,0,1
"397",0,0,0,1,0,0,0,1,0,0,0
"398",0,0,0,0,1,0,1,0,1,0,1
"399",1,0,0,0,0,1,0,0,0,0,0
"400",0,1,1,1,0,1,0,0,0,1,1
"401",0,1,1,0,1,1,1,0,1,0,0
"402",0,0,0,1,0,1,0,0,0,0,0
"403",0,0,0,1,0,1,1,0,0,1,0
"404",1,0,1,0,0,1,0,0,0,0,0
"405",0,0,0,1,0,0,1,0,0,0,0
"406",1,0,0,0,0,1,0,0,1,0,1
"407",0,0,0,0,0,1,0,0,0,0,1
"408",0,1,0,0,0,0,0,0,0,0,0
"409",0,0,0,1,0,1,0,0,0,0,0
