"","A","B","C","D"
"1",1,0,0,0
"2",1,0,0,0
"3",1,0,0,0
"4",1,0,0,0
"5",1,0,0,0
"6",1,0,0,0
"7",1,0,0,0
"8",1,0,0,0
"9",1,0,0,0
"10",1,0,0,0
"11",1,0,0,0
"12",1,0,0,0
"13",1,0,0,0
"14",1,0,0,0
"15",1,0,0,0
"16",1,0,0,0
"17",1,0,0,0
"18",1,0,0,0
"19",1,0,0,0
"20",1,0,0,0
"21",1,0,0,0
"22",1,0,0,0
"23",1,0,0,0
"24",1,0,0,0
"25",1,0,0,0
"26",1,0,0,0
"27",1,0,0,0
"28",1,0,0,0
"29",1,0,0,0
"30",1,0,0,0
"31",1,0,0,0
"32",1,0,0,0
"33",1,0,0,0
"34",1,0,0,0
"35",1,0,0,0
"36",1,0,0,0
"37",1,0,0,0
"38",1,0,0,0
"39",1,0,0,0
"40",1,0,0,0
"41",1,0,0,0
"42",1,0,0,0
"43",1,0,0,0
"44",1,0,0,0
"45",1,0,0,0
"46",1,0,0,0
"47",1,0,0,0
"48",1,0,0,0
"49",1,0,0,0
"50",1,0,0,0
"51",1,0,0,0
"52",1,0,0,0
"53",1,0,0,0
"54",1,0,0,0
"55",1,0,0,0
"56",1,0,0,0
"57",1,0,0,0
"58",1,0,0,0
"59",1,0,0,0
"60",1,0,0,0
"61",1,0,0,0
"62",1,0,0,0
"63",1,0,0,0
"64",1,0,0,0
"65",1,0,0,0
"66",1,0,0,0
"67",1,0,0,0
"68",1,0,0,0
"69",1,0,0,0
"70",1,0,0,0
"71",1,0,0,0
"72",1,0,0,0
"73",1,0,0,0
"74",1,0,0,0
"75",1,0,0,0
"76",1,0,0,0
"77",1,0,0,0
"78",1,0,0,0
"79",1,0,0,0
"80",1,0,0,0
"81",1,0,0,0
"82",1,0,0,0
"83",1,0,0,0
"84",1,0,0,0
"85",1,0,0,0
"86",1,0,0,0
"87",1,0,0,0
"88",1,0,0,0
"89",1,0,0,0
"90",1,0,0,0
"91",1,0,0,0
"92",1,0,0,0
"93",1,0,0,0
"94",1,0,0,0
"95",1,0,0,0
"96",1,0,0,0
"97",1,0,0,0
"98",1,0,0,0
"99",1,0,0,0
"100",1,0,0,0
"101",1,0,0,0
"102",1,0,0,0
"103",1,0,0,0
"104",1,0,0,0
"105",1,0,0,0
"106",1,0,0,0
"107",1,0,0,0
"108",1,0,0,0
"109",1,0,0,0
"110",1,0,0,0
"111",1,0,0,0
"112",1,0,0,0
"113",1,0,0,0
"114",1,0,0,0
"115",1,0,0,0
"116",1,0,0,0
"117",1,0,0,0
"118",1,0,0,0
"119",1,0,0,0
"120",1,0,0,0
"121",1,0,0,0
"122",1,0,0,0
"123",1,0,0,0
"124",1,0,0,0
"125",1,0,0,0
"126",1,0,0,0
"127",1,0,0,0
"128",1,0,0,0
"129",1,0,0,0
"130",1,0,0,0
"131",1,0,0,0
"132",1,0,0,0
"133",1,0,0,0
"134",1,0,0,0
"135",1,0,0,0
"136",1,0,0,0
"137",1,0,0,0
"138",1,0,0,0
"139",1,0,0,0
"140",1,0,0,0
"141",1,0,0,0
"142",1,0,0,0
"143",1,0,0,0
"144",1,0,0,0
"145",1,0,0,0
"146",1,0,0,0
"147",1,0,0,0
"148",1,0,0,0
"149",1,0,0,0
"150",1,0,0,0
"151",1,0,0,0
"152",1,0,0,0
"153",1,0,0,0
"154",1,0,0,0
"155",1,0,0,0
"156",1,0,0,0
"157",1,0,0,0
"158",1,0,0,0
"159",1,0,0,0
"160",1,0,0,0
"161",1,0,0,0
"162",1,0,0,0
"163",1,0,0,0
"164",1,0,0,0
"165",1,0,0,0
"166",1,0,0,0
"167",1,0,0,0
"168",1,0,0,0
"169",1,0,0,0
"170",1,0,0,0
"171",1,0,0,0
"172",1,0,0,0
"173",1,0,0,0
"174",1,0,0,0
"175",1,0,0,0
"176",1,0,0,0
"177",1,0,0,0
"178",1,0,0,0
"179",1,0,0,0
"180",1,0,0,0
"181",1,0,0,0
"182",1,0,0,0
"183",1,0,0,0
"184",1,0,0,0
"185",1,0,0,0
"186",1,0,0,0
"187",1,0,0,0
"188",1,0,0,0
"189",1,0,0,0
"190",1,0,0,0
"191",1,0,0,0
"192",1,0,0,0
"193",1,0,0,0
"194",1,0,0,0
"195",1,0,0,0
"196",1,0,0,0
"197",1,0,0,0
"198",1,0,0,0
"199",1,0,0,0
"200",1,0,0,0
"201",1,0,0,0
"202",1,0,0,0
"203",1,0,0,0
"204",1,0,0,0
"205",1,0,0,0
"206",1,0,0,0
"207",1,0,0,0
"208",1,0,0,0
"209",1,0,0,0
"210",1,0,0,0
"211",1,0,0,0
"212",1,0,0,0
"213",1,0,0,0
"214",1,0,0,0
"215",1,0,0,0
"216",1,0,0,0
"217",1,0,0,0
"218",1,0,0,0
"219",1,0,0,0
"220",1,0,0,0
"221",1,0,0,0
"222",1,0,0,0
"223",1,0,0,0
"224",1,0,0,0
"225",1,0,0,0
"226",1,0,0,0
"227",1,0,0,0
"228",1,0,0,0
"229",1,0,0,0
"230",1,0,0,0
"231",1,0,0,0
"232",1,0,0,0
"233",1,0,0,0
"234",1,0,0,0
"235",1,0,0,0
"236",1,0,0,0
"237",1,0,0,0
"238",1,0,0,0
"239",1,0,0,0
"240",1,0,0,0
"241",1,0,0,0
"242",1,0,0,0
"243",1,0,0,0
"244",1,0,0,0
"245",1,0,0,0
"246",1,0,0,0
"247",1,0,0,0
"248",1,0,0,0
"249",1,0,0,0
"250",1,0,0,0
"251",1,0,0,0
"252",1,0,0,0
"253",1,0,0,0
"254",1,0,0,0
"255",1,0,0,0
"256",1,0,0,0
"257",1,0,0,0
"258",1,0,0,0
"259",1,0,0,0
"260",1,0,0,0
"261",1,0,0,0
"262",1,0,0,0
"263",1,0,0,0
"264",1,0,0,0
"265",1,0,0,0
"266",1,0,0,0
"267",1,0,0,0
"268",1,0,0,0
"269",1,0,0,0
"270",1,0,0,0
"271",1,0,0,0
"272",1,0,0,0
"273",1,0,0,0
"274",1,0,0,0
"275",1,0,0,0
"276",1,0,0,0
"277",1,0,0,0
"278",1,0,0,0
"279",1,0,0,0
"280",1,0,0,0
"281",1,0,0,0
"282",1,0,0,0
"283",1,0,0,0
"284",1,0,0,0
"285",1,0,0,0
"286",1,0,0,0
"287",1,0,0,0
"288",1,0,0,0
"289",1,0,0,0
"290",1,0,0,0
"291",1,0,0,0
"292",1,0,0,0
"293",1,0,0,0
"294",1,0,0,0
"295",1,0,0,0
"296",1,0,0,0
"297",1,0,0,0
"298",1,0,0,0
"299",1,0,0,0
"300",1,0,0,0
"301",0,1,0,0
"302",0,1,0,0
"303",0,1,0,0
"304",0,1,0,0
"305",0,1,0,0
"306",0,1,0,0
"307",0,1,0,0
"308",0,1,0,0
"309",0,1,0,0
"310",0,1,0,0
"311",0,1,0,0
"312",0,1,0,0
"313",0,1,0,0
"314",0,1,0,0
"315",0,1,0,0
"316",0,1,0,0
"317",0,1,0,0
"318",0,1,0,0
"319",0,1,0,0
"320",0,1,0,0
"321",0,1,0,0
"322",0,1,0,0
"323",0,1,0,0
"324",0,1,0,0
"325",0,1,0,0
"326",0,1,0,0
"327",0,1,0,0
"328",0,1,0,0
"329",0,1,0,0
"330",0,1,0,0
"331",0,1,0,0
"332",0,1,0,0
"333",0,1,0,0
"334",0,1,0,0
"335",0,1,0,0
"336",0,1,0,0
"337",0,1,0,0
"338",0,1,0,0
"339",0,1,0,0
"340",0,1,0,0
"341",0,1,0,0
"342",0,1,0,0
"343",0,1,0,0
"344",0,1,0,0
"345",0,1,0,0
"346",0,1,0,0
"347",0,1,0,0
"348",0,1,0,0
"349",0,1,0,0
"350",0,1,0,0
"351",0,1,0,0
"352",0,1,0,0
"353",0,1,0,0
"354",0,1,0,0
"355",0,1,0,0
"356",0,1,0,0
"357",0,1,0,0
"358",0,1,0,0
"359",0,1,0,0
"360",0,1,0,0
"361",0,1,0,0
"362",0,1,0,0
"363",0,1,0,0
"364",0,1,0,0
"365",0,1,0,0
"366",0,1,0,0
"367",0,1,0,0
"368",0,1,0,0
"369",0,1,0,0
"370",0,1,0,0
"371",0,1,0,0
"372",0,1,0,0
"373",0,1,0,0
"374",0,1,0,0
"375",0,1,0,0
"376",0,1,0,0
"377",0,1,0,0
"378",0,1,0,0
"379",0,1,0,0
"380",0,1,0,0
"381",0,1,0,0
"382",0,1,0,0
"383",0,1,0,0
"384",0,1,0,0
"385",0,1,0,0
"386",0,1,0,0
"387",0,1,0,0
"388",0,1,0,0
"389",0,1,0,0
"390",0,1,0,0
"391",0,1,0,0
"392",0,1,0,0
"393",0,1,0,0
"394",0,1,0,0
"395",0,1,0,0
"396",0,1,0,0
"397",0,1,0,0
"398",0,1,0,0
"399",0,1,0,0
"400",0,1,0,0
"401",0,1,0,0
"402",0,1,0,0
"403",0,1,0,0
"404",0,1,0,0
"405",0,1,0,0
"406",0,1,0,0
"407",0,1,0,0
"408",0,1,0,0
"409",0,1,0,0
"410",0,1,0,0
"411",0,1,0,0
"412",0,1,0,0
"413",0,1,0,0
"414",0,1,0,0
"415",0,1,0,0
"416",0,1,0,0
"417",0,1,0,0
"418",0,1,0,0
"419",0,1,0,0
"420",0,1,0,0
"421",0,1,0,0
"422",0,1,0,0
"423",0,1,0,0
"424",0,1,0,0
"425",0,1,0,0
"426",0,1,0,0
"427",0,1,0,0
"428",0,1,0,0
"429",0,1,0,0
"430",0,1,0,0
"431",0,1,0,0
"432",0,1,0,0
"433",0,1,0,0
"434",0,1,0,0
"435",0,1,0,0
"436",0,1,0,0
"437",0,1,0,0
"438",0,1,0,0
"439",0,1,0,0
"440",0,1,0,0
"441",0,1,0,0
"442",0,1,0,0
"443",0,1,0,0
"444",0,1,0,0
"445",0,1,0,0
"446",0,1,0,0
"447",0,1,0,0
"448",0,1,0,0
"449",0,1,0,0
"450",0,1,0,0
"451",0,1,0,0
"452",0,1,0,0
"453",0,1,0,0
"454",0,1,0,0
"455",0,1,0,0
"456",0,1,0,0
"457",0,1,0,0
"458",0,1,0,0
"459",0,1,0,0
"460",0,1,0,0
"461",0,1,0,0
"462",0,1,0,0
"463",0,1,0,0
"464",0,1,0,0
"465",0,1,0,0
"466",0,1,0,0
"467",0,1,0,0
"468",0,1,0,0
"469",0,1,0,0
"470",0,1,0,0
"471",0,1,0,0
"472",0,1,0,0
"473",0,1,0,0
"474",0,1,0,0
"475",0,1,0,0
"476",0,1,0,0
"477",0,1,0,0
"478",0,1,0,0
"479",0,1,0,0
"480",0,1,0,0
"481",0,1,0,0
"482",0,1,0,0
"483",0,1,0,0
"484",0,1,0,0
"485",0,1,0,0
"486",0,1,0,0
"487",0,1,0,0
"488",0,1,0,0
"489",0,1,0,0
"490",0,1,0,0
"491",0,1,0,0
"492",0,1,0,0
"493",0,1,0,0
"494",0,1,0,0
"495",0,1,0,0
"496",0,1,0,0
"497",0,1,0,0
"498",0,1,0,0
"499",0,1,0,0
"500",0,1,0,0
"501",0,1,0,0
"502",0,1,0,0
"503",0,1,0,0
"504",0,1,0,0
"505",0,1,0,0
"506",0,1,0,0
"507",0,1,0,0
"508",0,1,0,0
"509",0,1,0,0
"510",0,1,0,0
"511",0,1,0,0
"512",0,1,0,0
"513",0,1,0,0
"514",0,1,0,0
"515",0,1,0,0
"516",0,1,0,0
"517",0,1,0,0
"518",0,1,0,0
"519",0,1,0,0
"520",0,1,0,0
"521",0,1,0,0
"522",0,1,0,0
"523",0,1,0,0
"524",0,1,0,0
"525",0,1,0,0
"526",0,1,0,0
"527",0,1,0,0
"528",0,1,0,0
"529",0,1,0,0
"530",0,1,0,0
"531",0,1,0,0
"532",0,1,0,0
"533",0,1,0,0
"534",0,1,0,0
"535",0,1,0,0
"536",0,1,0,0
"537",0,1,0,0
"538",0,1,0,0
"539",0,1,0,0
"540",0,1,0,0
"541",0,1,0,0
"542",0,1,0,0
"543",0,1,0,0
"544",0,1,0,0
"545",0,1,0,0
"546",0,1,0,0
"547",0,1,0,0
"548",0,1,0,0
"549",0,1,0,0
"550",0,1,0,0
"551",0,1,0,0
"552",0,1,0,0
"553",0,1,0,0
"554",0,1,0,0
"555",0,1,0,0
"556",0,1,0,0
"557",0,1,0,0
"558",0,1,0,0
"559",0,1,0,0
"560",0,1,0,0
"561",0,1,0,0
"562",0,1,0,0
"563",0,1,0,0
"564",0,1,0,0
"565",0,1,0,0
"566",0,1,0,0
"567",0,1,0,0
"568",0,1,0,0
"569",0,1,0,0
"570",0,1,0,0
"571",0,1,0,0
"572",0,1,0,0
"573",0,1,0,0
"574",0,1,0,0
"575",0,1,0,0
"576",0,1,0,0
"577",0,1,0,0
"578",0,1,0,0
"579",0,1,0,0
"580",0,1,0,0
"581",0,1,0,0
"582",0,1,0,0
"583",0,1,0,0
"584",0,1,0,0
"585",0,1,0,0
"586",0,1,0,0
"587",0,1,0,0
"588",0,1,0,0
"589",0,1,0,0
"590",0,1,0,0
"591",0,1,0,0
"592",0,1,0,0
"593",0,1,0,0
"594",0,1,0,0
"595",0,1,0,0
"596",0,1,0,0
"597",0,1,0,0
"598",0,1,0,0
"599",0,1,0,0
"600",0,1,0,0
"601",0,0,1,0
"602",0,0,1,0
"603",0,0,1,0
"604",0,0,1,0
"605",0,0,1,0
"606",0,0,1,0
"607",0,0,1,0
"608",0,0,1,0
"609",0,0,1,0
"610",0,0,1,0
"611",0,0,1,0
"612",0,0,1,0
"613",0,0,1,0
"614",0,0,1,0
"615",0,0,1,0
"616",0,0,1,0
"617",0,0,1,0
"618",0,0,1,0
"619",0,0,1,0
"620",0,0,1,0
"621",0,0,1,0
"622",0,0,1,0
"623",0,0,1,0
"624",0,0,1,0
"625",0,0,1,0
"626",0,0,1,0
"627",0,0,1,0
"628",0,0,1,0
"629",0,0,1,0
"630",0,0,1,0
"631",0,0,1,0
"632",0,0,1,0
"633",0,0,1,0
"634",0,0,1,0
"635",0,0,1,0
"636",0,0,1,0
"637",0,0,1,0
"638",0,0,1,0
"639",0,0,1,0
"640",0,0,1,0
"641",0,0,1,0
"642",0,0,1,0
"643",0,0,1,0
"644",0,0,1,0
"645",0,0,1,0
"646",0,0,1,0
"647",0,0,1,0
"648",0,0,1,0
"649",0,0,1,0
"650",0,0,1,0
"651",0,0,1,0
"652",0,0,1,0
"653",0,0,1,0
"654",0,0,1,0
"655",0,0,1,0
"656",0,0,1,0
"657",0,0,1,0
"658",0,0,1,0
"659",0,0,1,0
"660",0,0,1,0
"661",0,0,1,0
"662",0,0,1,0
"663",0,0,1,0
"664",0,0,1,0
"665",0,0,1,0
"666",0,0,1,0
"667",0,0,1,0
"668",0,0,1,0
"669",0,0,1,0
"670",0,0,1,0
"671",0,0,1,0
"672",0,0,1,0
"673",0,0,1,0
"674",0,0,1,0
"675",0,0,1,0
"676",0,0,1,0
"677",0,0,1,0
"678",0,0,1,0
"679",0,0,1,0
"680",0,0,1,0
"681",0,0,1,0
"682",0,0,1,0
"683",0,0,1,0
"684",0,0,1,0
"685",0,0,1,0
"686",0,0,1,0
"687",0,0,1,0
"688",0,0,1,0
"689",0,0,1,0
"690",0,0,1,0
"691",0,0,1,0
"692",0,0,1,0
"693",0,0,1,0
"694",0,0,1,0
"695",0,0,1,0
"696",0,0,1,0
"697",0,0,1,0
"698",0,0,1,0
"699",0,0,1,0
"700",0,0,1,0
"701",0,0,1,0
"702",0,0,1,0
"703",0,0,1,0
"704",0,0,1,0
"705",0,0,1,0
"706",0,0,1,0
"707",0,0,1,0
"708",0,0,1,0
"709",0,0,1,0
"710",0,0,1,0
"711",0,0,1,0
"712",0,0,1,0
"713",0,0,1,0
"714",0,0,1,0
"715",0,0,1,0
"716",0,0,1,0
"717",0,0,1,0
"718",0,0,1,0
"719",0,0,1,0
"720",0,0,1,0
"721",0,0,1,0
"722",0,0,1,0
"723",0,0,1,0
"724",0,0,1,0
"725",0,0,1,0
"726",0,0,1,0
"727",0,0,1,0
"728",0,0,1,0
"729",0,0,1,0
"730",0,0,1,0
"731",0,0,1,0
"732",0,0,1,0
"733",0,0,1,0
"734",0,0,1,0
"735",0,0,1,0
"736",0,0,1,0
"737",0,0,1,0
"738",0,0,1,0
"739",0,0,1,0
"740",0,0,1,0
"741",0,0,1,0
"742",0,0,1,0
"743",0,0,1,0
"744",0,0,1,0
"745",0,0,1,0
"746",0,0,1,0
"747",0,0,1,0
"748",0,0,1,0
"749",0,0,1,0
"750",0,0,1,0
"751",0,0,1,0
"752",0,0,1,0
"753",0,0,1,0
"754",0,0,1,0
"755",0,0,1,0
"756",0,0,1,0
"757",0,0,1,0
"758",0,0,1,0
"759",0,0,1,0
"760",0,0,1,0
"761",0,0,1,0
"762",0,0,1,0
"763",0,0,1,0
"764",0,0,1,0
"765",0,0,1,0
"766",0,0,1,0
"767",0,0,1,0
"768",0,0,1,0
"769",0,0,1,0
"770",0,0,1,0
"771",0,0,1,0
"772",0,0,1,0
"773",0,0,1,0
"774",0,0,1,0
"775",0,0,1,0
"776",0,0,1,0
"777",0,0,1,0
"778",0,0,1,0
"779",0,0,1,0
"780",0,0,1,0
"781",0,0,1,0
"782",0,0,1,0
"783",0,0,1,0
"784",0,0,1,0
"785",0,0,1,0
"786",0,0,1,0
"787",0,0,1,0
"788",0,0,1,0
"789",0,0,1,0
"790",0,0,1,0
"791",0,0,1,0
"792",0,0,1,0
"793",0,0,1,0
"794",0,0,1,0
"795",0,0,1,0
"796",0,0,1,0
"797",0,0,1,0
"798",0,0,1,0
"799",0,0,1,0
"800",0,0,1,0
"801",0,0,1,0
"802",0,0,1,0
"803",0,0,1,0
"804",0,0,1,0
"805",0,0,1,0
"806",0,0,1,0
"807",0,0,1,0
"808",0,0,1,0
"809",0,0,1,0
"810",0,0,1,0
"811",0,0,1,0
"812",0,0,1,0
"813",0,0,1,0
"814",0,0,1,0
"815",0,0,1,0
"816",0,0,1,0
"817",0,0,1,0
"818",0,0,1,0
"819",0,0,1,0
"820",0,0,1,0
"821",0,0,1,0
"822",0,0,1,0
"823",0,0,1,0
"824",0,0,1,0
"825",0,0,1,0
"826",0,0,1,0
"827",0,0,1,0
"828",0,0,1,0
"829",0,0,1,0
"830",0,0,1,0
"831",0,0,1,0
"832",0,0,1,0
"833",0,0,1,0
"834",0,0,1,0
"835",0,0,1,0
"836",0,0,1,0
"837",0,0,1,0
"838",0,0,1,0
"839",0,0,1,0
"840",0,0,1,0
"841",0,0,1,0
"842",0,0,1,0
"843",0,0,1,0
"844",0,0,1,0
"845",0,0,1,0
"846",0,0,1,0
"847",0,0,1,0
"848",0,0,1,0
"849",0,0,1,0
"850",0,0,1,0
"851",0,0,1,0
"852",0,0,1,0
"853",0,0,1,0
"854",0,0,1,0
"855",0,0,1,0
"856",0,0,1,0
"857",0,0,1,0
"858",0,0,1,0
"859",0,0,1,0
"860",0,0,1,0
"861",0,0,1,0
"862",0,0,1,0
"863",0,0,1,0
"864",0,0,1,0
"865",0,0,1,0
"866",0,0,1,0
"867",0,0,1,0
"868",0,0,1,0
"869",0,0,1,0
"870",0,0,1,0
"871",0,0,1,0
"872",0,0,1,0
"873",0,0,1,0
"874",0,0,1,0
"875",0,0,1,0
"876",0,0,1,0
"877",0,0,1,0
"878",0,0,1,0
"879",0,0,1,0
"880",0,0,1,0
"881",0,0,1,0
"882",0,0,1,0
"883",0,0,1,0
"884",0,0,1,0
"885",0,0,1,0
"886",0,0,1,0
"887",0,0,1,0
"888",0,0,1,0
"889",0,0,1,0
"890",0,0,1,0
"891",0,0,1,0
"892",0,0,1,0
"893",0,0,1,0
"894",0,0,1,0
"895",0,0,1,0
"896",0,0,1,0
"897",0,0,1,0
"898",0,0,1,0
"899",0,0,1,0
"900",0,0,1,0
"901",1,1,0,0
"902",1,1,0,0
"903",1,1,0,0
"904",1,1,0,0
"905",1,1,0,0
"906",1,1,0,0
"907",1,1,0,0
"908",1,1,0,0
"909",1,1,0,0
"910",1,1,0,0
"911",1,1,0,0
"912",1,1,0,0
"913",1,1,0,0
"914",1,1,0,0
"915",1,1,0,0
"916",1,1,0,0
"917",1,1,0,0
"918",1,1,0,0
"919",1,1,0,0
"920",1,1,0,0
"921",1,1,0,0
"922",1,1,0,0
"923",1,1,0,0
"924",1,1,0,0
"925",1,1,0,0
"926",1,1,0,0
"927",1,1,0,0
"928",1,1,0,0
"929",1,1,0,0
"930",1,1,0,0
"931",1,1,0,0
"932",1,1,0,0
"933",1,1,0,0
"934",1,1,0,0
"935",1,1,0,0
"936",1,1,0,0
"937",1,1,0,0
"938",1,1,0,0
"939",1,1,0,0
"940",1,1,0,0
"941",1,1,0,0
"942",1,1,0,0
"943",1,1,0,0
"944",1,1,0,0
"945",1,1,0,0
"946",1,1,0,0
"947",1,1,0,0
"948",1,1,0,0
"949",1,1,0,0
"950",1,1,0,0
"951",1,1,0,0
"952",1,1,0,0
"953",1,1,0,0
"954",1,1,0,0
"955",1,1,0,0
"956",1,1,0,0
"957",1,1,0,0
"958",1,1,0,0
"959",1,1,0,0
"960",1,1,0,0
"961",1,1,0,0
"962",1,1,0,0
"963",1,1,0,0
"964",1,1,0,0
"965",1,1,0,0
"966",1,1,0,0
"967",1,1,0,0
"968",1,1,0,0
"969",1,1,0,0
"970",1,1,0,0
"971",1,1,0,0
"972",1,1,0,0
"973",1,1,0,0
"974",1,1,0,0
"975",1,1,0,0
"976",1,1,0,0
"977",1,1,0,0
"978",1,1,0,0
"979",1,1,0,0
"980",1,1,0,0
"981",1,1,0,0
"982",1,1,0,0
"983",1,1,0,0
"984",1,1,0,0
"985",1,1,0,0
"986",1,1,0,0
"987",1,1,0,0
"988",1,1,0,0
"989",1,1,0,0
"990",1,1,0,0
"991",1,1,0,0
"992",1,1,0,0
"993",1,1,0,0
"994",1,1,0,0
"995",1,1,0,0
"996",1,1,0,0
"997",1,1,0,0
"998",1,1,0,0
"999",1,1,0,0
"1000",1,1,0,0
"1001",1,1,0,0
"1002",1,1,0,0
"1003",1,1,0,0
"1004",1,1,0,0
"1005",1,1,0,0
"1006",1,1,0,0
"1007",1,1,0,0
"1008",1,1,0,0
"1009",1,1,0,0
"1010",1,1,0,0
"1011",1,1,0,0
"1012",1,1,0,0
"1013",1,1,0,0
"1014",1,1,0,0
"1015",1,1,0,0
"1016",1,1,0,0
"1017",1,1,0,0
"1018",1,1,0,0
"1019",1,1,0,0
"1020",1,1,0,0
"1021",1,1,0,0
"1022",1,1,0,0
"1023",1,1,0,0
"1024",1,1,0,0
"1025",1,1,0,0
"1026",1,1,0,0
"1027",1,1,0,0
"1028",1,1,0,0
"1029",1,1,0,0
"1030",1,1,0,0
"1031",1,1,0,0
"1032",1,1,0,0
"1033",1,1,0,0
"1034",1,1,0,0
"1035",1,1,0,0
"1036",1,1,0,0
"1037",1,1,0,0
"1038",1,1,0,0
"1039",1,1,0,0
"1040",1,1,0,0
"1041",1,1,0,0
"1042",1,1,0,0
"1043",1,1,0,0
"1044",1,1,0,0
"1045",1,1,0,0
"1046",1,1,0,0
"1047",1,1,0,0
"1048",1,1,0,0
"1049",1,1,0,0
"1050",1,1,0,0
"1051",1,1,0,0
"1052",1,1,0,0
"1053",1,1,0,0
"1054",1,1,0,0
"1055",1,1,0,0
"1056",1,1,0,0
"1057",1,1,0,0
"1058",1,1,0,0
"1059",1,1,0,0
"1060",1,1,0,0
"1061",1,1,0,0
"1062",1,1,0,0
"1063",1,1,0,0
"1064",1,1,0,0
"1065",1,1,0,0
"1066",1,1,0,0
"1067",1,1,0,0
"1068",1,1,0,0
"1069",1,1,0,0
"1070",1,1,0,0
"1071",1,1,0,0
"1072",1,1,0,0
"1073",1,1,0,0
"1074",1,1,0,0
"1075",1,1,0,0
"1076",1,1,0,0
"1077",1,1,0,0
"1078",1,1,0,0
"1079",1,1,0,0
"1080",1,1,0,0
"1081",1,1,0,0
"1082",1,1,0,0
"1083",1,1,0,0
"1084",1,1,0,0
"1085",1,1,0,0
"1086",1,1,0,0
"1087",1,1,0,0
"1088",1,1,0,0
"1089",1,1,0,0
"1090",1,1,0,0
"1091",1,1,0,0
"1092",1,1,0,0
"1093",1,1,0,0
"1094",1,1,0,0
"1095",1,1,0,0
"1096",1,1,0,0
"1097",1,1,0,0
"1098",1,1,0,0
"1099",1,1,0,0
"1100",1,1,0,0
"1101",1,0,1,0
"1102",1,0,1,0
"1103",1,0,1,0
"1104",1,0,1,0
"1105",1,0,1,0
"1106",1,0,1,0
"1107",1,0,1,0
"1108",1,0,1,0
"1109",1,0,1,0
"1110",1,0,1,0
"1111",1,0,1,0
"1112",1,0,1,0
"1113",1,0,1,0
"1114",1,0,1,0
"1115",1,0,1,0
"1116",1,0,1,0
"1117",1,0,1,0
"1118",1,0,1,0
"1119",1,0,1,0
"1120",1,0,1,0
"1121",1,0,1,0
"1122",1,0,1,0
"1123",1,0,1,0
"1124",1,0,1,0
"1125",1,0,1,0
"1126",1,0,1,0
"1127",1,0,1,0
"1128",1,0,1,0
"1129",1,0,1,0
"1130",1,0,1,0
"1131",1,0,1,0
"1132",1,0,1,0
"1133",1,0,1,0
"1134",1,0,1,0
"1135",1,0,1,0
"1136",1,0,1,0
"1137",1,0,1,0
"1138",1,0,1,0
"1139",1,0,1,0
"1140",1,0,1,0
"1141",1,0,1,0
"1142",1,0,1,0
"1143",1,0,1,0
"1144",1,0,1,0
"1145",1,0,1,0
"1146",1,0,1,0
"1147",1,0,1,0
"1148",1,0,1,0
"1149",1,0,1,0
"1150",1,0,1,0
"1151",1,0,1,0
"1152",1,0,1,0
"1153",1,0,1,0
"1154",1,0,1,0
"1155",1,0,1,0
"1156",1,0,1,0
"1157",1,0,1,0
"1158",1,0,1,0
"1159",1,0,1,0
"1160",1,0,1,0
"1161",1,0,1,0
"1162",1,0,1,0
"1163",1,0,1,0
"1164",1,0,1,0
"1165",1,0,1,0
"1166",1,0,1,0
"1167",1,0,1,0
"1168",1,0,1,0
"1169",1,0,1,0
"1170",1,0,1,0
"1171",1,0,1,0
"1172",1,0,1,0
"1173",1,0,1,0
"1174",1,0,1,0
"1175",1,0,1,0
"1176",1,0,1,0
"1177",1,0,1,0
"1178",1,0,1,0
"1179",1,0,1,0
"1180",1,0,1,0
"1181",1,0,1,0
"1182",1,0,1,0
"1183",1,0,1,0
"1184",1,0,1,0
"1185",1,0,1,0
"1186",1,0,1,0
"1187",1,0,1,0
"1188",1,0,1,0
"1189",1,0,1,0
"1190",1,0,1,0
"1191",1,0,1,0
"1192",1,0,1,0
"1193",1,0,1,0
"1194",1,0,1,0
"1195",1,0,1,0
"1196",1,0,1,0
"1197",1,0,1,0
"1198",1,0,1,0
"1199",1,0,1,0
"1200",1,0,1,0
"1201",1,0,1,0
"1202",1,0,1,0
"1203",1,0,1,0
"1204",1,0,1,0
"1205",1,0,1,0
"1206",1,0,1,0
"1207",1,0,1,0
"1208",1,0,1,0
"1209",1,0,1,0
"1210",1,0,1,0
"1211",1,0,1,0
"1212",1,0,1,0
"1213",1,0,1,0
"1214",1,0,1,0
"1215",1,0,1,0
"1216",1,0,1,0
"1217",1,0,1,0
"1218",1,0,1,0
"1219",1,0,1,0
"1220",1,0,1,0
"1221",1,0,1,0
"1222",1,0,1,0
"1223",1,0,1,0
"1224",1,0,1,0
"1225",1,0,1,0
"1226",1,0,1,0
"1227",1,0,1,0
"1228",1,0,1,0
"1229",1,0,1,0
"1230",1,0,1,0
"1231",1,0,1,0
"1232",1,0,1,0
"1233",1,0,1,0
"1234",1,0,1,0
"1235",1,0,1,0
"1236",1,0,1,0
"1237",1,0,1,0
"1238",1,0,1,0
"1239",1,0,1,0
"1240",1,0,1,0
"1241",1,0,1,0
"1242",1,0,1,0
"1243",1,0,1,0
"1244",1,0,1,0
"1245",1,0,1,0
"1246",1,0,1,0
"1247",1,0,1,0
"1248",1,0,1,0
"1249",1,0,1,0
"1250",1,0,1,0
"1251",1,0,1,0
"1252",1,0,1,0
"1253",1,0,1,0
"1254",1,0,1,0
"1255",1,0,1,0
"1256",1,0,1,0
"1257",1,0,1,0
"1258",1,0,1,0
"1259",1,0,1,0
"1260",1,0,1,0
"1261",1,0,1,0
"1262",1,0,1,0
"1263",1,0,1,0
"1264",1,0,1,0
"1265",1,0,1,0
"1266",1,0,1,0
"1267",1,0,1,0
"1268",1,0,1,0
"1269",1,0,1,0
"1270",1,0,1,0
"1271",1,0,1,0
"1272",1,0,1,0
"1273",1,0,1,0
"1274",1,0,1,0
"1275",1,0,1,0
"1276",1,0,1,0
"1277",1,0,1,0
"1278",1,0,1,0
"1279",1,0,1,0
"1280",1,0,1,0
"1281",1,0,1,0
"1282",1,0,1,0
"1283",1,0,1,0
"1284",1,0,1,0
"1285",1,0,1,0
"1286",1,0,1,0
"1287",1,0,1,0
"1288",1,0,1,0
"1289",1,0,1,0
"1290",1,0,1,0
"1291",1,0,1,0
"1292",1,0,1,0
"1293",1,0,1,0
"1294",1,0,1,0
"1295",1,0,1,0
"1296",1,0,1,0
"1297",1,0,1,0
"1298",1,0,1,0
"1299",1,0,1,0
"1300",1,0,1,0
"1301",0,1,1,0
"1302",0,1,1,0
"1303",0,1,1,0
"1304",0,1,1,0
"1305",0,1,1,0
"1306",0,1,1,0
"1307",0,1,1,0
"1308",0,1,1,0
"1309",0,1,1,0
"1310",0,1,1,0
"1311",0,1,1,0
"1312",0,1,1,0
"1313",0,1,1,0
"1314",0,1,1,0
"1315",0,1,1,0
"1316",0,1,1,0
"1317",0,1,1,0
"1318",0,1,1,0
"1319",0,1,1,0
"1320",0,1,1,0
"1321",0,1,1,0
"1322",0,1,1,0
"1323",0,1,1,0
"1324",0,1,1,0
"1325",0,1,1,0
"1326",0,1,1,0
"1327",0,1,1,0
"1328",0,1,1,0
"1329",0,1,1,0
"1330",0,1,1,0
"1331",0,1,1,0
"1332",0,1,1,0
"1333",0,1,1,0
"1334",0,1,1,0
"1335",0,1,1,0
"1336",0,1,1,0
"1337",0,1,1,0
"1338",0,1,1,0
"1339",0,1,1,0
"1340",0,1,1,0
"1341",0,1,1,0
"1342",0,1,1,0
"1343",0,1,1,0
"1344",0,1,1,0
"1345",0,1,1,0
"1346",0,1,1,0
"1347",0,1,1,0
"1348",0,1,1,0
"1349",0,1,1,0
"1350",0,1,1,0
"1351",0,1,1,0
"1352",0,1,1,0
"1353",0,1,1,0
"1354",0,1,1,0
"1355",0,1,1,0
"1356",0,1,1,0
"1357",0,1,1,0
"1358",0,1,1,0
"1359",0,1,1,0
"1360",0,1,1,0
"1361",0,1,1,0
"1362",0,1,1,0
"1363",0,1,1,0
"1364",0,1,1,0
"1365",0,1,1,0
"1366",0,1,1,0
"1367",0,1,1,0
"1368",0,1,1,0
"1369",0,1,1,0
"1370",0,1,1,0
"1371",0,1,1,0
"1372",0,1,1,0
"1373",0,1,1,0
"1374",0,1,1,0
"1375",0,1,1,0
"1376",0,1,1,0
"1377",0,1,1,0
"1378",0,1,1,0
"1379",0,1,1,0
"1380",0,1,1,0
"1381",0,1,1,0
"1382",0,1,1,0
"1383",0,1,1,0
"1384",0,1,1,0
"1385",0,1,1,0
"1386",0,1,1,0
"1387",0,1,1,0
"1388",0,1,1,0
"1389",0,1,1,0
"1390",0,1,1,0
"1391",0,1,1,0
"1392",0,1,1,0
"1393",0,1,1,0
"1394",0,1,1,0
"1395",0,1,1,0
"1396",0,1,1,0
"1397",0,1,1,0
"1398",0,1,1,0
"1399",0,1,1,0
"1400",0,1,1,0
"1401",0,1,1,0
"1402",0,1,1,0
"1403",0,1,1,0
"1404",0,1,1,0
"1405",0,1,1,0
"1406",0,1,1,0
"1407",0,1,1,0
"1408",0,1,1,0
"1409",0,1,1,0
"1410",0,1,1,0
"1411",0,1,1,0
"1412",0,1,1,0
"1413",0,1,1,0
"1414",0,1,1,0
"1415",0,1,1,0
"1416",0,1,1,0
"1417",0,1,1,0
"1418",0,1,1,0
"1419",0,1,1,0
"1420",0,1,1,0
"1421",0,1,1,0
"1422",0,1,1,0
"1423",0,1,1,0
"1424",0,1,1,0
"1425",0,1,1,0
"1426",0,1,1,0
"1427",0,1,1,0
"1428",0,1,1,0
"1429",0,1,1,0
"1430",0,1,1,0
"1431",0,1,1,0
"1432",0,1,1,0
"1433",0,1,1,0
"1434",0,1,1,0
"1435",0,1,1,0
"1436",0,1,1,0
"1437",0,1,1,0
"1438",0,1,1,0
"1439",0,1,1,0
"1440",0,1,1,0
"1441",0,1,1,0
"1442",0,1,1,0
"1443",0,1,1,0
"1444",0,1,1,0
"1445",0,1,1,0
"1446",0,1,1,0
"1447",0,1,1,0
"1448",0,1,1,0
"1449",0,1,1,0
"1450",0,1,1,0
"1451",0,1,1,0
"1452",0,1,1,0
"1453",0,1,1,0
"1454",0,1,1,0
"1455",0,1,1,0
"1456",0,1,1,0
"1457",0,1,1,0
"1458",0,1,1,0
"1459",0,1,1,0
"1460",0,1,1,0
"1461",0,1,1,0
"1462",0,1,1,0
"1463",0,1,1,0
"1464",0,1,1,0
"1465",0,1,1,0
"1466",0,1,1,0
"1467",0,1,1,0
"1468",0,1,1,0
"1469",0,1,1,0
"1470",0,1,1,0
"1471",0,1,1,0
"1472",0,1,1,0
"1473",0,1,1,0
"1474",0,1,1,0
"1475",0,1,1,0
"1476",0,1,1,0
"1477",0,1,1,0
"1478",0,1,1,0
"1479",0,1,1,0
"1480",0,1,1,0
"1481",0,1,1,0
"1482",0,1,1,0
"1483",0,1,1,0
"1484",0,1,1,0
"1485",0,1,1,0
"1486",0,1,1,0
"1487",0,1,1,0
"1488",0,1,1,0
"1489",0,1,1,0
"1490",0,1,1,0
"1491",0,1,1,0
"1492",0,1,1,0
"1493",0,1,1,0
"1494",0,1,1,0
"1495",0,1,1,0
"1496",0,1,1,0
"1497",0,1,1,0
"1498",0,1,1,0
"1499",0,1,1,0
"1500",0,1,1,0
"1501",1,1,1,0
"1502",1,1,1,0
"1503",1,1,1,0
"1504",1,1,1,0
"1505",1,1,1,0
"1506",1,1,1,0
"1507",1,1,1,0
"1508",1,1,1,0
"1509",1,1,1,0
"1510",1,1,1,0
"1511",1,1,1,0
"1512",1,1,1,0
"1513",1,1,1,0
"1514",1,1,1,0
"1515",1,1,1,0
"1516",1,1,1,0
"1517",1,1,1,0
"1518",1,1,1,0
"1519",1,1,1,0
"1520",1,1,1,0
"1521",1,1,1,0
"1522",1,1,1,0
"1523",1,1,1,0
"1524",1,1,1,0
"1525",1,1,1,0
"1526",1,1,1,0
"1527",1,1,1,0
"1528",1,1,1,0
"1529",1,1,1,0
"1530",1,1,1,0
"1531",1,1,1,0
"1532",1,1,1,0
"1533",1,1,1,0
"1534",1,1,1,0
"1535",1,1,1,0
"1536",1,1,1,0
"1537",1,1,1,0
"1538",1,1,1,0
"1539",1,1,1,0
"1540",1,1,1,0
"1541",1,1,1,0
"1542",1,1,1,0
"1543",1,1,1,0
"1544",1,1,1,0
"1545",1,1,1,0
"1546",1,1,1,0
"1547",1,1,1,0
"1548",1,1,1,0
"1549",1,1,1,0
"1550",1,1,1,0
"1551",1,1,1,0
"1552",1,1,1,0
"1553",1,1,1,0
"1554",1,1,1,0
"1555",1,1,1,0
"1556",1,1,1,0
"1557",1,1,1,0
"1558",1,1,1,0
"1559",1,1,1,0
"1560",1,1,1,0
"1561",1,1,1,0
"1562",1,1,1,0
"1563",1,1,1,0
"1564",1,1,1,0
"1565",1,1,1,0
"1566",1,1,1,0
"1567",1,1,1,0
"1568",1,1,1,0
"1569",1,1,1,0
"1570",1,1,1,0
"1571",1,1,1,0
"1572",1,1,1,0
"1573",1,1,1,0
"1574",1,1,1,0
"1575",1,1,1,0
"1576",1,1,1,0
"1577",1,1,1,0
"1578",1,1,1,0
"1579",1,1,1,0
"1580",1,1,1,0
"1581",1,1,1,0
"1582",1,1,1,0
"1583",1,1,1,0
"1584",1,1,1,0
"1585",1,1,1,0
"1586",1,1,1,0
"1587",1,1,1,0
"1588",1,1,1,0
"1589",1,1,1,0
"1590",1,1,1,0
"1591",1,1,1,0
"1592",1,1,1,0
"1593",1,1,1,0
"1594",1,1,1,0
"1595",1,1,1,0
"1596",1,1,1,0
"1597",1,1,1,0
"1598",1,1,1,0
"1599",1,1,1,0
"1600",1,1,1,0
"1601",1,1,0,1
"1602",1,1,0,1
"1603",1,1,0,1
"1604",1,1,0,1
"1605",1,1,0,1
"1606",1,1,0,1
"1607",1,1,0,1
"1608",1,1,0,1
"1609",1,1,0,1
"1610",1,1,0,1
"1611",1,1,0,1
"1612",1,1,0,1
"1613",1,1,0,1
"1614",1,1,0,1
"1615",1,1,0,1
"1616",1,1,0,1
"1617",1,1,0,1
"1618",1,1,0,1
"1619",1,1,0,1
"1620",1,1,0,1
"1621",1,1,0,1
"1622",1,1,0,1
"1623",1,1,0,1
"1624",1,1,0,1
"1625",1,1,0,1
"1626",1,1,0,1
"1627",1,1,0,1
"1628",1,1,0,1
"1629",1,1,0,1
"1630",1,1,0,1
"1631",1,1,0,1
"1632",1,1,0,1
"1633",1,1,0,1
"1634",1,1,0,1
"1635",1,1,0,1
"1636",1,1,0,1
"1637",1,1,0,1
"1638",1,1,0,1
"1639",1,1,0,1
"1640",1,1,0,1
"1641",1,1,0,1
"1642",1,1,0,1
"1643",1,1,0,1
"1644",1,1,0,1
"1645",1,1,0,1
"1646",1,1,0,1
"1647",1,1,0,1
"1648",1,1,0,1
"1649",1,1,0,1
"1650",1,1,0,1
"1651",1,1,0,1
"1652",1,1,0,1
"1653",1,1,0,1
"1654",1,1,0,1
"1655",1,1,0,1
"1656",1,1,0,1
"1657",1,1,0,1
"1658",1,1,0,1
"1659",1,1,0,1
"1660",1,1,0,1
"1661",1,1,0,1
"1662",1,1,0,1
"1663",1,1,0,1
"1664",1,1,0,1
"1665",1,1,0,1
"1666",1,1,0,1
"1667",1,1,0,1
"1668",1,1,0,1
"1669",1,1,0,1
"1670",1,1,0,1
"1671",1,1,0,1
"1672",1,1,0,1
"1673",1,1,0,1
"1674",1,1,0,1
"1675",1,1,0,1
"1676",1,1,0,1
"1677",1,1,0,1
"1678",1,1,0,1
"1679",1,1,0,1
"1680",1,1,0,1
"1681",1,1,0,1
"1682",1,1,0,1
"1683",1,1,0,1
"1684",1,1,0,1
"1685",1,1,0,1
"1686",1,1,0,1
"1687",1,1,0,1
"1688",1,1,0,1
"1689",1,1,0,1
"1690",1,1,0,1
"1691",1,1,0,1
"1692",1,1,0,1
"1693",1,1,0,1
"1694",1,1,0,1
"1695",1,1,0,1
"1696",1,1,0,1
"1697",1,1,0,1
"1698",1,1,0,1
"1699",1,1,0,1
"1700",1,1,0,1
"1701",0,0,1,1
"1702",0,0,1,1
"1703",0,0,1,1
"1704",0,0,1,1
"1705",0,0,1,1
"1706",0,0,1,1
"1707",0,0,1,1
"1708",0,0,1,1
"1709",0,0,1,1
"1710",0,0,1,1
"1711",0,0,1,1
"1712",0,0,1,1
"1713",0,0,1,1
"1714",0,0,1,1
"1715",0,0,1,1
"1716",0,0,1,1
"1717",0,0,1,1
"1718",0,0,1,1
"1719",0,0,1,1
"1720",0,0,1,1
"1721",0,0,1,1
"1722",0,0,1,1
"1723",0,0,1,1
"1724",0,0,1,1
"1725",0,0,1,1
"1726",0,0,1,1
"1727",0,0,1,1
"1728",0,0,1,1
"1729",0,0,1,1
"1730",0,0,1,1
"1731",0,0,1,1
"1732",0,0,1,1
"1733",0,0,1,1
"1734",0,0,1,1
"1735",0,0,1,1
"1736",0,0,1,1
"1737",0,0,1,1
"1738",0,0,1,1
"1739",0,0,1,1
"1740",0,0,1,1
"1741",0,0,1,1
"1742",0,0,1,1
"1743",0,0,1,1
"1744",0,0,1,1
"1745",0,0,1,1
"1746",0,0,1,1
"1747",0,0,1,1
"1748",0,0,1,1
"1749",0,0,1,1
"1750",0,0,1,1
"1751",0,0,1,1
"1752",0,0,1,1
"1753",0,0,1,1
"1754",0,0,1,1
"1755",0,0,1,1
"1756",0,0,1,1
"1757",0,0,1,1
"1758",0,0,1,1
"1759",0,0,1,1
"1760",0,0,1,1
"1761",0,0,1,1
"1762",0,0,1,1
"1763",0,0,1,1
"1764",0,0,1,1
"1765",0,0,1,1
"1766",0,0,1,1
"1767",0,0,1,1
"1768",0,0,1,1
"1769",0,0,1,1
"1770",0,0,1,1
"1771",0,0,1,1
"1772",0,0,1,1
"1773",0,0,1,1
"1774",0,0,1,1
"1775",0,0,1,1
"1776",0,0,1,1
"1777",0,0,1,1
"1778",0,0,1,1
"1779",0,0,1,1
"1780",0,0,1,1
"1781",0,0,1,1
"1782",0,0,1,1
"1783",0,0,1,1
"1784",0,0,1,1
"1785",0,0,1,1
"1786",0,0,1,1
"1787",0,0,1,1
"1788",0,0,1,1
"1789",0,0,1,1
"1790",0,0,1,1
"1791",0,0,1,1
"1792",0,0,1,1
"1793",0,0,1,1
"1794",0,0,1,1
"1795",0,0,1,1
"1796",0,0,1,1
"1797",0,0,1,1
"1798",0,0,1,1
"1799",0,0,1,1
"1800",0,0,1,1
"1801",0,0,1,1
"1802",0,0,1,1
"1803",0,0,1,1
"1804",0,0,1,1
"1805",0,0,1,1
"1806",0,0,1,1
"1807",0,0,1,1
"1808",0,0,1,1
"1809",0,0,1,1
"1810",0,0,1,1
"1811",0,0,1,1
"1812",0,0,1,1
"1813",0,0,1,1
"1814",0,0,1,1
"1815",0,0,1,1
"1816",0,0,1,1
"1817",0,0,1,1
"1818",0,0,1,1
"1819",0,0,1,1
"1820",0,0,1,1
"1821",0,0,1,1
"1822",0,0,1,1
"1823",0,0,1,1
"1824",0,0,1,1
"1825",0,0,1,1
"1826",0,0,1,1
"1827",0,0,1,1
"1828",0,0,1,1
"1829",0,0,1,1
"1830",0,0,1,1
"1831",0,0,1,1
"1832",0,0,1,1
"1833",0,0,1,1
"1834",0,0,1,1
"1835",0,0,1,1
"1836",0,0,1,1
"1837",0,0,1,1
"1838",0,0,1,1
"1839",0,0,1,1
"1840",0,0,1,1
"1841",0,0,1,1
"1842",0,0,1,1
"1843",0,0,1,1
"1844",0,0,1,1
"1845",0,0,1,1
"1846",0,0,1,1
"1847",0,0,1,1
"1848",0,0,1,1
"1849",0,0,1,1
"1850",0,0,1,1
"1851",0,0,1,1
"1852",0,0,1,1
"1853",0,0,1,1
"1854",0,0,1,1
"1855",0,0,1,1
"1856",0,0,1,1
"1857",0,0,1,1
"1858",0,0,1,1
"1859",0,0,1,1
"1860",0,0,1,1
"1861",0,0,1,1
"1862",0,0,1,1
"1863",0,0,1,1
"1864",0,0,1,1
"1865",0,0,1,1
"1866",0,0,1,1
"1867",0,0,1,1
"1868",0,0,1,1
"1869",0,0,1,1
"1870",0,0,1,1
"1871",0,0,1,1
"1872",0,0,1,1
"1873",0,0,1,1
"1874",0,0,1,1
"1875",0,0,1,1
"1876",0,0,1,1
"1877",0,0,1,1
"1878",0,0,1,1
"1879",0,0,1,1
"1880",0,0,1,1
"1881",0,0,1,1
"1882",0,0,1,1
"1883",0,0,1,1
"1884",0,0,1,1
"1885",0,0,1,1
"1886",0,0,1,1
"1887",0,0,1,1
"1888",0,0,1,1
"1889",0,0,1,1
"1890",0,0,1,1
"1891",0,0,1,1
"1892",0,0,1,1
"1893",0,0,1,1
"1894",0,0,1,1
"1895",0,0,1,1
"1896",0,0,1,1
"1897",0,0,1,1
"1898",0,0,1,1
"1899",0,0,1,1
"1900",0,0,1,1
"1901",1,1,1,1
"1902",1,1,1,1
"1903",1,1,1,1
"1904",1,1,1,1
"1905",1,1,1,1
"1906",1,1,1,1
"1907",1,1,1,1
"1908",1,1,1,1
"1909",1,1,1,1
"1910",1,1,1,1
"1911",1,1,1,1
"1912",1,1,1,1
"1913",1,1,1,1
"1914",1,1,1,1
"1915",1,1,1,1
"1916",1,1,1,1
"1917",1,1,1,1
"1918",1,1,1,1
"1919",1,1,1,1
"1920",1,1,1,1
"1921",1,1,1,1
"1922",1,1,1,1
"1923",1,1,1,1
"1924",1,1,1,1
"1925",1,1,1,1
"1926",1,1,1,1
"1927",1,1,1,1
"1928",1,1,1,1
"1929",1,1,1,1
"1930",1,1,1,1
"1931",1,1,1,1
"1932",1,1,1,1
"1933",1,1,1,1
"1934",1,1,1,1
"1935",1,1,1,1
"1936",1,1,1,1
"1937",1,1,1,1
"1938",1,1,1,1
"1939",1,1,1,1
"1940",1,1,1,1
"1941",1,1,1,1
"1942",1,1,1,1
"1943",1,1,1,1
"1944",1,1,1,1
"1945",1,1,1,1
"1946",1,1,1,1
"1947",1,1,1,1
"1948",1,1,1,1
"1949",1,1,1,1
"1950",1,1,1,1
"1951",0,0,0,0
"1952",0,0,0,0
"1953",0,0,0,0
"1954",0,0,0,0
"1955",0,0,0,0
"1956",0,0,0,0
"1957",0,0,0,0
"1958",0,0,0,0
"1959",0,0,0,0
"1960",0,0,0,0
