TP53,ATP2B2,PIK3CA,PNPLA3,RB1,TRIM6
1,0,0,0,0,0
1,0,1,0,0,0
1,0,0,0,0,0
1,0,0,0,0,0
0,0,0,0,0,0
1,0,0,0,0,0
1,0,0,0,0,0
1,1,0,0,0,0
1,0,0,0,0,0
0,0,0,0,0,0
1,0,0,0,0,0
1,0,0,0,0,0
1,0,0,0,0,0
1,0,0,0,0,0
1,0,0,0,0,0
1,0,0,0,0,0
1,0,0,0,0,0
1,0,0,0,0,0
1,0,0,0,0,0
0,0,0,0,0,0
1,0,0,0,0,0
1,0,0,0,0,0
1,0,0,0,0,0
1,0,0,0,0,0
1,0,0,0,0,0
0,0,0,0,0,0
1,0,0,0,0,0
1,0,0,0,0,0
1,0,0,0,0,1
1,0,0,0,0,0
0,0,0,0,0,0
1,0,0,0,0,0
1,0,0,0,0,0
1,0,0,0,0,0
1,0,0,0,0,0
1,0,0,0,0,0
1,0,0,0,0,0
1,0,1,0,0,0
0,0,0,0,0,0
1,0,0,0,0,0
1,0,0,0,0,0
0,0,0,1,0,0
1,0,0,0,0,0
1,0,0,0,0,0
1,0,0,0,0,0
0,0,0,0,0,0
1,0,1,0,0,0
0,0,0,0,0,0
1,0,0,0,0,0
1,0,0,0,0,0
1,0,0,0,0,0
1,0,0,0,0,0
1,0,0,0,0,0
1,0,0,0,0,0
1,0,0,0,0,0
1,0,0,0,0,0
1,0,0,0,0,0
1,0,0,0,0,0
1,0,0,0,0,0
1,0,0,0,0,0
1,0,0,0,1,0
1,0,0,0,0,0
1,0,0,0,0,0
1,0,0,0,0,0
1,0,0,0,0,0
1,0,0,1,1,0
1,0,1,0,0,0
1,0,0,0,0,0
1,0,0,0,0,1
0,0,0,0,0,0
1,0,1,0,0,0
1,0,0,0,0,0
1,0,0,0,0,1
1,0,0,0,0,0
1,0,0,0,0,0
1,0,0,0,0,0
1,0,1,0,0,0
1,0,0,0,0,0
1,0,0,0,0,0
1,0,0,0,1,0
0,0,0,0,0,1
