8q+,3q+,5q-,4q-,8p-,1q+,Xp-
0,0,0,0,0,1,0
0,0,0,1,0,1,0
1,1,1,1,0,0,0
1,0,0,0,0,0,0
0,0,0,0,0,0,0
1,1,1,1,1,0,0
1,1,1,1,1,0,1
0,1,1,0,0,0,0
0,1,0,0,0,0,1
1,0,1,1,1,1,1
0,0,0,0,0,0,0
1,1,1,1,1,0,1
1,1,1,1,1,1,1
1,1,1,0,0,1,1
1,0,0,0,0,0,0
0,0,0,0,0,0,0
1,1,0,0,0,1,1
1,1,0,1,0,1,0
1,0,1,1,0,1,0
1,0,0,0,1,1,0
1,0,1,1,1,1,1
1,1,0,0,1,1,1
1,1,1,1,1,1,0
1,0,1,0,1,0,1
0,0,0,0,0,0,0
0,0,1,0,0,0,0
1,1,1,1,1,0,1
1,1,0,1,1,0,1
1,1,1,1,1,0,1
0,1,1,0,1,0,0
1,1,1,1,1,0,1
1,1,0,0,1,1,1
1,0,1,1,1,0,1
1,1,1,1,1,0,0
1,1,1,0,1,1,1
1,0,0,1,1,0,1
1,0,0,1,1,1,0
1,1,1,0,1,1,1
1,1,1,1,1,0,1
1,0,0,0,0,0,0
1,1,0,1,0,1,0
1,1,1,1,1,1,0
0,0,1,1,0,1,1
1,1,1,1,0,0,0
1,1,1,1,1,0,1
0,0,0,1,0,1,0
0,0,0,0,0,0,0
1,0,1,1,1,0,0
0,0,0,0,0,1,0
1,1,0,0,0,0,0
1,1,1,1,0,1,0
1,1,0,0,0,1,0
1,1,0,0,0,0,0
1,1,1,0,1,1,0
1,0,0,0,0,0,0
1,1,1,0,1,1,0
1,1,0,1,1,0,1
0,0,1,1,0,1,1
1,0,0,0,0,0,0
0,0,0,0,0,0,1
1,1,0,0,0,0,0
1,1,0,0,0,1,0
0,0,1,1,1,1,1
1,0,1,1,1,0,1
0,0,1,0,0,0,1
1,1,0,0,0,1,0
0,1,0,0,0,1,0
1,1,1,1,1,0,1
1,1,1,1,1,0,0
0,0,1,1,1,1,1
1,0,1,1,1,1,0
0,0,1,1,1,0,0
1,0,0,0,0,0,0
1,0,1,1,1,0,0
1,1,1,0,1,0,1
1,0,0,1,1,0,1
0,0,0,0,0,0,0
0,1,0,1,0,1,1
1,1,0,0,1,1,1
1,1,1,1,0,1,1
0,1,1,1,0,1,1
0,0,0,0,0,1,0
1,1,1,1,1,0,1
1,1,0,0,0,0,0
1,1,1,1,0,1,0
0,0,1,0,0,0,0
1,1,0,0,0,0,0
